,Name,Url,Rate,Review,Price
0,Tower of London,https://www.tripadvisor.com/Attraction_Review-g186338-d187547-Reviews-Tower_of_London-London_England.html,45,65262,£28.90
1,Tower Bridge,https://www.tripadvisor.com/Attraction_Review-g186338-d187552-Reviews-Tower_Bridge-London_England.html,45,38886,£9.80
2,Churchill War Rooms,https://www.tripadvisor.com/Attraction_Review-g186338-d194299-Reviews-Churchill_War_Rooms-London_England.html,45,22834,£23.00
3,National Gallery,https://www.tripadvisor.com/Attraction_Review-g186338-d188862-Reviews-National_Gallery-London_England.html,45,39646,0
4,The British Museum,https://www.tripadvisor.com/Attraction_Review-g186338-d187555-Reviews-The_British_Museum-London_England.html,45,72522,0
5,Westminster Abbey,https://www.tripadvisor.com/Attraction_Review-g186338-d189032-Reviews-Westminster_Abbey-London_England.html,45,24093,£22.00
6,V&A  - Victoria and Albert Museum,https://www.tripadvisor.com/Attraction_Review-g186338-d187556-Reviews-V_A_Victoria_and_Albert_Museum-London_England.html,45,31623,0
7,St. Paul's Cathedral,https://www.tripadvisor.com/Attraction_Review-g186338-d188159-Reviews-St_Paul_s_Cathedral-London_England.html,45,16978,£17.00
8,Natural History Museum,https://www.tripadvisor.com/Attraction_Review-g186338-d187676-Reviews-Natural_History_Museum-London_England.html,45,36750,0
9, Borough Market,https://www.tripadvisor.com/Attraction_Review-g186338-d260500-Reviews-Borough_Market-London_England.html,45,13110,0
10, Hyde Park,https://www.tripadvisor.com/Attraction_Review-g186338-d189030-Reviews-Hyde_Park-London_England.html,45,21943,0
11, Up at The O2,https://www.tripadvisor.com/Attraction_Review-g186338-d3263267-Reviews-Up_at_The_O2-London_England.html,45,6264,0
12, St. James's Park,https://www.tripadvisor.com/Attraction_Review-g186338-d188126-Reviews-St_James_s_Park-London_England.html,45,18689,0
13, Covent Garden,https://www.tripadvisor.com/Attraction_Review-g186338-d189047-Reviews-Covent_Garden-London_England.html,45,24672,0
14, Houses of Parliament,https://www.tripadvisor.com/Attraction_Review-g186338-d211708-Reviews-Houses_of_Parliament-London_England.html,45,16477,0
15, Camden Market,https://www.tripadvisor.com/Attraction_Review-g186338-d187577-Reviews-Camden_Market-London_England.html,45,28729,0
16, Chelsea FC Stadium Tour & Museum,https://www.tripadvisor.com/Attraction_Review-g186338-d548817-Reviews-Chelsea_FC_Stadium_Tour_Museum-London_England.html,45,2627,£24.00
17, The View from The Shard,https://www.tripadvisor.com/Attraction_Review-g186338-d3539289-Reviews-The_View_from_The_Shard-London_England.html,45,18508,£28.85
18, Sky Garden,https://www.tripadvisor.com/Attraction_Review-g186338-d7398968-Reviews-Sky_Garden-London_England.html,45,15133,0
19, Regent's Park,https://www.tripadvisor.com/Attraction_Review-g186338-d187675-Reviews-Regent_s_Park-London_England.html,45,6355,0
20, Emirates Stadium Tour and Museum,https://www.tripadvisor.com/Attraction_Review-g186338-d1775127-Reviews-Emirates_Stadium_Tour_and_Museum-London_England.html,45,2570,£25.00
21, Buckingham Palace,https://www.tripadvisor.com/Attraction_Review-g186338-d187549-Reviews-Buckingham_Palace-London_England.html,45,29095,£26.50
22, Wallace Collection,https://www.tripadvisor.com/Attraction_Review-g186338-d187558-Reviews-Wallace_Collection-London_England.html,45,6467,0
23, Greenwich,https://www.tripadvisor.com/Attraction_Review-g186338-d187601-Reviews-Greenwich-London_England.html,45,5870,0
24, Imperial War Museums,https://www.tripadvisor.com/Attraction_Review-g186338-d187674-Reviews-Imperial_War_Museums-London_England.html,45,10385,0
25, HMS Belfast,https://www.tripadvisor.com/Attraction_Review-g186338-d187551-Reviews-HMS_Belfast-London_England.html,45,3806,0
26, Highgate Cemetery,https://www.tripadvisor.com/Attraction_Review-g186338-d194290-Reviews-Highgate_Cemetery-London_England.html,45,1772,0
27, Shakespeare's Globe Theatre,https://www.tripadvisor.com/Attraction_Review-g186338-d187726-Reviews-Shakespeare_s_Globe_Theatre-London_England.html,45,8552,0
28, School Of Rock The Musical,https://www.tripadvisor.com/Attraction_Review-g186338-d11978522-Reviews-School_Of_Rock_The_Musical-London_England.html,50,952,0
29, Royal Air Force Museum London,https://www.tripadvisor.com/Attraction_Review-g186338-d215615-Reviews-Royal_Air_Force_Museum_London-London_England.html,45,3620,0
30,Emirates Stadium,https://www.tripadvisor.com/Attraction_Review-g186338-d1056442-Reviews-Emirates_Stadium-London_England.html,45,1921,£299.00
31,Kensington Gardens,https://www.tripadvisor.com/Attraction_Review-g186338-d188893-Reviews-Kensington_Gardens-London_England.html,45,4407,0
32,Tate Britain,https://www.tripadvisor.com/Attraction_Review-g186338-d188865-Reviews-Tate_Britain-London_England.html,45,3971,0
33,Museum of London,https://www.tripadvisor.com/Attraction_Review-g186338-d187560-Reviews-Museum_of_London-London_England.html,45,5711,0
34,National Portrait Gallery,https://www.tripadvisor.com/Attraction_Review-g186338-d188863-Reviews-National_Portrait_Gallery-London_England.html,45,5729,0
35,British Library,https://www.tripadvisor.com/Attraction_Review-g186338-d187728-Reviews-British_Library-London_England.html,45,3920,0
36,Hampstead Heath,https://www.tripadvisor.com/Attraction_Review-g186338-d211768-Reviews-Hampstead_Heath-London_England.html,45,1710,0
37,Old Royal Naval College,https://www.tripadvisor.com/Attraction_Review-g186338-d211646-Reviews-Old_Royal_Naval_College-London_England.html,45,2595,£12.00
38,Tottenham Hotspur Stadium,https://www.tripadvisor.com/Attraction_Review-g186338-d14985376-Reviews-Tottenham_Hotspur_Stadium-London_England.html,45,547,0
39,Trafalgar Square,https://www.tripadvisor.com/Attraction_Review-g186338-d188964-Reviews-Trafalgar_Square-London_England.html,45,8070,0
40,BAPS Shri Swaminarayan Mandir,https://www.tripadvisor.com/Attraction_Review-g186338-d215621-Reviews-BAPS_Shri_Swaminarayan_Mandir-London_England.html,45,610,0
41,London Underground,https://www.tripadvisor.com/Attraction_Review-g186338-d187536-Reviews-London_Underground-London_England.html,45,44609,0
42,Notting Hill,https://www.tripadvisor.com/Attraction_Review-g186338-d187531-Reviews-Notting_Hill-London_England.html,45,2856,0
43,London Eye,https://www.tripadvisor.com/Attraction_Review-g186338-d553603-Reviews-London_Eye-London_England.html,45,86327,£28.00
44,Holland Park,https://www.tripadvisor.com/Attraction_Review-g186338-d187683-Reviews-Holland_Park-London_England.html,45,1577,0
45,Wimbledon Lawn Tennis Museum,https://www.tripadvisor.com/Attraction_Review-g186338-d548466-Reviews-Wimbledon_Lawn_Tennis_Museum-London_England.html,45,1295,0
46,Greenwich Park,https://www.tripadvisor.com/Attraction_Review-g186338-d211600-Reviews-Greenwich_Park-London_England.html,45,3096,0
47,Kinky Boots at Adelphi Theatre,https://www.tripadvisor.com/Attraction_Review-g186338-d2389215-Reviews-Kinky_Boots_at_Adelphi_Theatre-London_England.html,50,2686,0
48,Emirates Air Line Cable Car - Royal Docks,https://www.tripadvisor.com/Attraction_Review-g186338-d3313609-Reviews-Emirates_Air_Line_Cable_Car_Royal_Docks-London_England.html,45,3661,0
49,Cutty Sark,https://www.tripadvisor.com/Attraction_Review-g186338-d211885-Reviews-Cutty_Sark-London_England.html,45,3164,£15.00
50,Primrose Hill,https://www.tripadvisor.com/Attraction_Review-g186338-d2464189-Reviews-Primrose_Hill-London_England.html,45,2063,0
51,Museum of London Docklands,https://www.tripadvisor.com/Attraction_Review-g186338-d282174-Reviews-Museum_of_London_Docklands-London_England.html,45,1298,0
52,The Postal Museum,https://www.tripadvisor.com/Attraction_Review-g186338-d2422685-Reviews-The_Postal_Museum-London_England.html,45,1093,0
53,Soho,https://www.tripadvisor.com/Attraction_Review-g186338-d187582-Reviews-Soho-London_England.html,45,1537,0
54,Emirates Air Line Cable Car - Greenwich Peninsula,https://www.tripadvisor.com/Attraction_Review-g186338-d3294716-Reviews-Emirates_Air_Line_Cable_Car_Greenwich_Peninsula-London_England.html,45,2784,0
55,Thames River,https://www.tripadvisor.com/Attraction_Review-g186338-d523725-Reviews-Thames_River-London_England.html,45,2828,0
56,Lego Shop,https://www.tripadvisor.com/Attraction_Review-g186338-d12004532-Reviews-Lego_Shop-London_England.html,45,851,0
57,St. Pancras International Station,https://www.tripadvisor.com/Attraction_Review-g186338-d214631-Reviews-St_Pancras_International_Station-London_England.html,45,3331,0
58,Battersea Park,https://www.tripadvisor.com/Attraction_Review-g186338-d2494059-Reviews-Battersea_Park-London_England.html,45,538,0
59,Charles Dickens Museum,https://www.tripadvisor.com/Attraction_Review-g186338-d188889-Reviews-Charles_Dickens_Museum-London_England.html,45,1127,0
60,Brick Lane,https://www.tripadvisor.com/Attraction_Review-g186338-d187544-Reviews-Brick_Lane-London_England.html,45,1808,0
61,The Monument to the Great Fire of London,https://www.tripadvisor.com/Attraction_Review-g186338-d297133-Reviews-The_Monument_to_the_Great_Fire_of_London-London_England.html,45,2252,0
62,Carnaby Street,https://www.tripadvisor.com/Attraction_Review-g186338-d215375-Reviews-Carnaby_Street-London_England.html,40,1587,0
63,St. Katharine Docks,https://www.tripadvisor.com/Attraction_Review-g186338-d2227746-Reviews-St_Katharine_Docks-London_England.html,45,720,0
64,Old Operating Theatre,https://www.tripadvisor.com/Attraction_Review-g186338-d211644-Reviews-Old_Operating_Theatre-London_England.html,45,764,0
65,Old Spitalfields Market,https://www.tripadvisor.com/Attraction_Review-g186338-d187543-Reviews-Old_Spitalfields_Market-London_England.html,45,2045,0
66,Lord's Cricket Ground,https://www.tripadvisor.com/Attraction_Review-g186338-d188020-Reviews-Lord_s_Cricket_Ground-London_England.html,45,1516,0
67,Royal Mews,https://www.tripadvisor.com/Attraction_Review-g186338-d214623-Reviews-Royal_Mews-London_England.html,45,1394,£13.00
68,Royal Opera House,https://www.tripadvisor.com/Attraction_Review-g186338-d188482-Reviews-Royal_Opera_House-London_England.html,45,2909,0
69,The All England Lawn Tennis Club,https://www.tripadvisor.com/Attraction_Review-g186338-d523737-Reviews-The_All_England_Lawn_Tennis_Club-London_England.html,45,1589,0
70,Chelsea Physic Garden,https://www.tripadvisor.com/Attraction_Review-g186338-d211852-Reviews-Chelsea_Physic_Garden-London_England.html,45,616,0
71,Portobello Road Market,https://www.tripadvisor.com/Attraction_Review-g186338-d189016-Reviews-Portobello_Road_Market-London_England.html,40,4439,0
72,St. Dunstan in the East,https://www.tripadvisor.com/Attraction_Review-g186338-d5998784-Reviews-St_Dunstan_in_the_East-London_England.html,45,326,0
73,Eltham Palace and Gardens,https://www.tripadvisor.com/Attraction_Review-g186338-d300188-Reviews-Eltham_Palace_and_Gardens-London_England.html,45,1029,0
74,Westminster Cathedral,https://www.tripadvisor.com/Attraction_Review-g186338-d211750-Reviews-Westminster_Cathedral-London_England.html,45,1473,0
75,The Courtauld Gallery,https://www.tripadvisor.com/Attraction_Review-g186338-d1632504-Reviews-The_Courtauld_Gallery-London_England.html,45,3413,0
76,Novello Theatre,https://www.tripadvisor.com/Attraction_Review-g186338-d2693082-Reviews-Novello_Theatre-London_England.html,45,856,0
77,Temple Church,https://www.tripadvisor.com/Attraction_Review-g186338-d214633-Reviews-Temple_Church-London_England.html,45,673,0
78,Museum of Brands,https://www.tripadvisor.com/Attraction_Review-g186338-d654918-Reviews-Museum_of_Brands-London_England.html,45,1193,£9.00
79,Abbey Road Studios,https://www.tripadvisor.com/Attraction_Review-g186338-d190103-Reviews-Abbey_Road_Studios-London_England.html,45,481,0
80,Tate Modern,https://www.tripadvisor.com/Attraction_Review-g186338-d187677-Reviews-Tate_Modern-London_England.html,40,10174,0
81,The London Film Museum - Covent Garden,https://www.tripadvisor.com/Attraction_Review-g186338-d3941604-Reviews-The_London_Film_Museum_Covent_Garden-London_England.html,45,1254,£16.00
82,National Maritime Museum,https://www.tripadvisor.com/Attraction_Review-g186338-d187600-Reviews-National_Maritime_Museum-London_England.html,40,1995,0
83,Piccadilly Circus,https://www.tripadvisor.com/Attraction_Review-g186338-d188043-Reviews-Piccadilly_Circus-London_England.html,40,5846,0
84,Kyoto Garden,https://www.tripadvisor.com/Attraction_Review-g186338-d7379922-Reviews-Kyoto_Garden-London_England.html,45,342,0
85,Her Majesty's Theatre London,https://www.tripadvisor.com/Attraction_Review-g186338-d3813104-Reviews-Her_Majesty_s_Theatre_London-London_England.html,45,1137,£94.00
86,Science Museum,https://www.tripadvisor.com/Attraction_Review-g186338-d189025-Reviews-Science_Museum-London_England.html,40,8898,0
87,Tottenham Experience,https://www.tripadvisor.com/Attraction_Review-g186338-d17741177-Reviews-Tottenham_Experience-London_England.html,50,725,0
88,Westminster,https://www.tripadvisor.com/Attraction_Review-g186338-d218015-Reviews-Westminster-London_England.html,45,4532,0
89,Oxford Street,https://www.tripadvisor.com/Attraction_Review-g186338-d189789-Reviews-Oxford_Street-London_England.html,40,4806,0
90,Sir John Soane's Museum,https://www.tripadvisor.com/Attraction_Review-g186338-d187559-Reviews-Sir_John_Soane_s_Museum-London_England.html,45,1818,0
91,Harrods,https://www.tripadvisor.com/Attraction_Review-g186338-d188901-Reviews-Harrods-London_England.html,40,19307,0
92,Royal Observatory Greenwich,https://www.tripadvisor.com/Attraction_Review-g186338-d194293-Reviews-Royal_Observatory_Greenwich-London_England.html,40,3454,£16.00
93,Brick Lane Market,https://www.tripadvisor.com/Attraction_Review-g186338-d9715126-Reviews-Brick_Lane_Market-London_England.html,45,339,0
94,Clink Prison Museum,https://www.tripadvisor.com/Attraction_Review-g186338-d211853-Reviews-Clink_Prison_Museum-London_England.html,40,1609,£8.00
95,Leicester Square,https://www.tripadvisor.com/Attraction_Review-g186338-d189780-Reviews-Leicester_Square-London_England.html,40,1878,0
96,Maltby Street Market,https://www.tripadvisor.com/Attraction_Review-g186338-d3319016-Reviews-Maltby_Street_Market-London_England.html,45,540,0
97,Millennium Bridge,https://www.tripadvisor.com/Attraction_Review-g186338-d188718-Reviews-Millennium_Bridge-London_England.html,40,2228,0
98,Freemasons' Hall,https://www.tripadvisor.com/Attraction_Review-g186338-d211592-Reviews-Freemasons_Hall-London_England.html,45,520,0
99,Greenwich Market,https://www.tripadvisor.com/Attraction_Review-g186338-d190836-Reviews-Greenwich_Market-London_England.html,45,1620,0
100,South Bank,https://www.tripadvisor.com/Attraction_Review-g186338-d188721-Reviews-South_Bank-London_England.html,45,1653,0
101,Columbia Road Flower Market,https://www.tripadvisor.com/Attraction_Review-g186338-d208418-Reviews-Columbia_Road_Flower_Market-London_England.html,45,661,0
102,London Palladium,https://www.tripadvisor.com/Attraction_Review-g186338-d189220-Reviews-London_Palladium-London_England.html,40,1973,0
103,Leake Street Arches,https://www.tripadvisor.com/Attraction_Review-g186338-d5555207-Reviews-Leake_Street_Arches-London_England.html,45,128,0
104,Prince Edward Theatre,https://www.tripadvisor.com/Attraction_Review-g186338-d3177218-Reviews-Prince_Edward_Theatre-London_England.html,45,1109,£42.50
105,Canary Wharf,https://www.tripadvisor.com/Attraction_Review-g186338-d2437651-Reviews-Canary_Wharf-London_England.html,45,759,0
106,Royal Academy of Arts,https://www.tripadvisor.com/Attraction_Review-g186338-d188864-Reviews-Royal_Academy_of_Arts-London_England.html,45,2133,0
107,The Queen's Gallery,https://www.tripadvisor.com/Attraction_Review-g186338-d211828-Reviews-The_Queen_s_Gallery-London_England.html,40,775,£13.50
108,Westfield London,https://www.tripadvisor.com/Attraction_Review-g186338-d12035544-Reviews-Westfield_London-London_England.html,45,2088,0
109,Horse Guards Parade at Whitehall,https://www.tripadvisor.com/Attraction_Review-g186338-d190834-Reviews-Horse_Guards_Parade_at_Whitehall-London_England.html,45,991,0
110,Abbey Road,https://www.tripadvisor.com/Attraction_Review-g186338-d190102-Reviews-Abbey_Road-London_England.html,40,1649,0
111,Gods Own Junkyard,https://www.tripadvisor.com/Attraction_Review-g186338-d4876049-Reviews-Gods_Own_Junkyard-London_England.html,45,209,0
112,BODY WORLDS London,https://www.tripadvisor.com/Attraction_Review-g186338-d15589054-Reviews-BODY_WORLDS_London-London_England.html,45,481,0
113,London Transport Museum,https://www.tripadvisor.com/Attraction_Review-g186338-d189048-Reviews-London_Transport_Museum-London_England.html,40,2713,£16.50
114,Wellcome Collection,https://www.tripadvisor.com/Attraction_Review-g186338-d662065-Reviews-Wellcome_Collection-London_England.html,45,969,0
115,Regent Street,https://www.tripadvisor.com/Attraction_Review-g186338-d215617-Reviews-Regent_Street-London_England.html,45,1654,0
116,Grant Museum of Zoology,https://www.tripadvisor.com/Attraction_Review-g186338-d638483-Reviews-Grant_Museum_of_Zoology-London_England.html,45,481,0
117,London Mithraeum,https://www.tripadvisor.com/Attraction_Review-g186338-d13139701-Reviews-London_Mithraeum-London_England.html,45,350,0
118,Southwark Cathedral,https://www.tripadvisor.com/Attraction_Review-g186338-d214625-Reviews-Southwark_Cathedral-London_England.html,45,855,0
119,Mercato Metropolitano,https://www.tripadvisor.com/Attraction_Review-g186338-d10597873-Reviews-Mercato_Metropolitano-London_England.html,45,717,0
120,Banqueting House,https://www.tripadvisor.com/Attraction_Review-g186338-d214598-Reviews-Banqueting_House-London_England.html,45,641,£7.50
121,Paddington Station,https://www.tripadvisor.com/Attraction_Review-g186338-d188722-Reviews-Paddington_Station-London_England.html,40,1486,0
122,Hayman's Distillery,https://www.tripadvisor.com/Attraction_Review-g186338-d13796674-Reviews-Hayman_s_Distillery-London_England.html,50,300,0
123,ArcelorMittal Orbit,https://www.tripadvisor.com/Attraction_Review-g186338-d6522304-Reviews-ArcelorMittal_Orbit-London_England.html,45,3902,£11.50
124,WWT London Wetland Centre,https://www.tripadvisor.com/Attraction_Review-g186338-d187534-Reviews-WWT_London_Wetland_Centre-London_England.html,45,619,0
125,Petrie Museum of Egyptian Archaeology,https://www.tripadvisor.com/Attraction_Review-g186338-d638489-Reviews-Petrie_Museum_of_Egyptian_Archaeology-London_England.html,45,262,0
126,The Ginstitute,https://www.tripadvisor.com/Attraction_Review-g186338-d6002205-Reviews-The_Ginstitute-London_England.html,50,596,0
127,Victoria Palace Theatre,https://www.tripadvisor.com/Attraction_Review-g186338-d3857150-Reviews-Victoria_Palace_Theatre-London_England.html,45,760,0
128,Handel & Hendrix in London,https://www.tripadvisor.com/Attraction_Review-g186338-d292597-Reviews-Handel_Hendrix_in_London-London_England.html,40,488,£10.00
129,Aldwych Theatre,https://www.tripadvisor.com/Attraction_Review-g186338-d1977221-Reviews-Aldwych_Theatre-London_England.html,45,1349,£80.00
130,Somerset House,https://www.tripadvisor.com/Attraction_Review-g186338-d187682-Reviews-Somerset_House-London_England.html,45,989,0
131,Golden Hinde,https://www.tripadvisor.com/Attraction_Review-g186338-d187727-Reviews-Golden_Hinde-London_England.html,45,561,0
132,King's Cross Station,https://www.tripadvisor.com/Attraction_Review-g186338-d629912-Reviews-King_s_Cross_Station-London_England.html,40,2181,0
133,Stamford Bridge,https://www.tripadvisor.com/Attraction_Review-g186338-d13090144-Reviews-Stamford_Bridge-London_England.html,45,200,0
134,Green Park,https://www.tripadvisor.com/Attraction_Review-g186338-d211766-Reviews-Green_Park-London_England.html,45,1299,0
135,Little Venice,https://www.tripadvisor.com/Attraction_Review-g186338-d189033-Reviews-Little_Venice-London_England.html,40,1005,0
136,Broadway Market,https://www.tripadvisor.com/Attraction_Review-g186338-d2057766-Reviews-Broadway_Market-London_England.html,45,302,0
137,Freud Museum,https://www.tripadvisor.com/Attraction_Review-g186338-d194138-Reviews-Freud_Museum-London_England.html,45,340,0
138,Apsley House,https://www.tripadvisor.com/Attraction_Review-g186338-d522807-Reviews-Apsley_House-London_England.html,45,739,0
139,Mayfair,https://www.tripadvisor.com/Attraction_Review-g186338-d187722-Reviews-Mayfair-London_England.html,45,268,0
140,The Charterhouse,https://www.tripadvisor.com/Attraction_Review-g186338-d215389-Reviews-The_Charterhouse-London_England.html,50,258,0
141,Regent's Canal,https://www.tripadvisor.com/Attraction_Review-g186338-d510136-Reviews-Regent_s_Canal-London_England.html,45,571,0
142,Crystal Palace Park,https://www.tripadvisor.com/Attraction_Review-g186338-d590940-Reviews-Crystal_Palace_Park-London_England.html,45,365,0
143,Bank of England Museum,https://www.tripadvisor.com/Attraction_Review-g186338-d211758-Reviews-Bank_of_England_Museum-London_England.html,45,800,0
144,30 St Mary Axe (The Gherkin),https://www.tripadvisor.com/Attraction_Review-g186338-d2202925-Reviews-30_St_Mary_Axe_The_Gherkin-London_England.html,45,426,0
145,Kensington Palace,https://www.tripadvisor.com/Attraction_Review-g186338-d187550-Reviews-Kensington_Palace-London_England.html,35,5413,0
146,Barbican Centre,https://www.tripadvisor.com/Attraction_Review-g186338-d553600-Reviews-Barbican_Centre-London_England.html,40,1521,0
147,The Kia Oval,https://www.tripadvisor.com/Attraction_Review-g186338-d1718354-Reviews-The_Kia_Oval-London_England.html,45,356,£15.00
148,South Kensington,https://www.tripadvisor.com/Attraction_Review-g186338-d188474-Reviews-South_Kensington-London_England.html,45,356,0
149,Royal Courts of Justice,https://www.tripadvisor.com/Attraction_Review-g186338-d214622-Reviews-Royal_Courts_of_Justice-London_England.html,45,307,0
150,City of London Distillery,https://www.tripadvisor.com/Attraction_Review-g186338-d3879587-Reviews-City_of_London_Distillery-London_England.html,45,436,0
151,Florence Nightingale Museum,https://www.tripadvisor.com/Attraction_Review-g186338-d188040-Reviews-Florence_Nightingale_Museum-London_England.html,40,574,0
152,Royal Hospital Chelsea,https://www.tripadvisor.com/Attraction_Review-g186338-d214609-Reviews-Royal_Hospital_Chelsea-London_England.html,45,264,0
153,Brick Lane Music Hall,https://www.tripadvisor.com/Attraction_Review-g186338-d2644560-Reviews-Brick_Lane_Music_Hall-London_England.html,50,1177,0
154,Wimbledon,https://www.tripadvisor.com/Attraction_Review-g186338-d8820400-Reviews-Wimbledon-London_England.html,45,177,0
155,Garden at 120,https://www.tripadvisor.com/Attraction_Review-g186338-d16718754-Reviews-Garden_at_120-London_England.html,45,116,0
156,Madame Tussauds London,https://www.tripadvisor.com/Attraction_Review-g186338-d187535-Reviews-Madame_Tussauds_London-London_England.html,40,31018,£29.00
157,Theatre Royal Drury Lane,https://www.tripadvisor.com/Attraction_Review-g186338-d522844-Reviews-Theatre_Royal_Drury_Lane-London_England.html,45,1077,0
158,RHS Chelsea Flower Show,https://www.tripadvisor.com/Attraction_Review-g186338-d10020593-Reviews-RHS_Chelsea_Flower_Show-London_England.html,40,446,0
159,Queen Mary's Gardens,https://www.tripadvisor.com/Attraction_Review-g186338-d187671-Reviews-Queen_Mary_s_Gardens-London_England.html,45,170,0
160,London Coliseum,https://www.tripadvisor.com/Attraction_Review-g186338-d553747-Reviews-London_Coliseum-London_England.html,45,1143,0
161,Guildhall Art Gallery,https://www.tripadvisor.com/Attraction_Review-g186338-d211820-Reviews-Guildhall_Art_Gallery-London_England.html,45,417,0
162,Hampstead,https://www.tripadvisor.com/Attraction_Review-g186338-d194288-Reviews-Hampstead-London_England.html,45,153,0
163,Regent's Park Open Air Theatre,https://www.tripadvisor.com/Attraction_Review-g186338-d12882651-Reviews-Regent_s_Park_Open_Air_Theatre-London_England.html,45,742,0
164,Lyceum Theatre,https://www.tripadvisor.com/Attraction_Review-g186338-d3533276-Reviews-Lyceum_Theatre-London_England.html,45,1119,0
165,Diana Princess of Wales Memorial Playground,https://www.tripadvisor.com/Attraction_Review-g186338-d188121-Reviews-Diana_Princess_of_Wales_Memorial_Playground-London_England.html,45,843,0
166,Bridge Theatre,https://www.tripadvisor.com/Attraction_Review-g186338-d12988816-Reviews-Bridge_Theatre-London_England.html,45,286,0
167,Horniman Museum and Gardens,https://www.tripadvisor.com/Attraction_Review-g186338-d211606-Reviews-Horniman_Museum_and_Gardens-London_England.html,45,682,0
168,Pop Brixton,https://www.tripadvisor.com/Attraction_Review-g186338-d8441770-Reviews-Pop_Brixton-London_England.html,45,265,0
169,Leadenhall Market,https://www.tripadvisor.com/Attraction_Review-g186338-d211842-Reviews-Leadenhall_Market-London_England.html,40,727,0
170,Apollo Theatre,https://www.tripadvisor.com/Attraction_Review-g186338-d3726046-Reviews-Apollo_Theatre-London_England.html,45,681,£65.00
171,Roundhouse,https://www.tripadvisor.com/Attraction_Review-g186338-d2216850-Reviews-Roundhouse-London_England.html,45,462,0
172,Kenwood House,https://www.tripadvisor.com/Attraction_Review-g186338-d214613-Reviews-Kenwood_House-London_England.html,45,824,0
173,ZSL London Zoo,https://www.tripadvisor.com/Attraction_Review-g186338-d187553-Reviews-ZSL_London_Zoo-London_England.html,40,6963,£25.20
174,Hill Garden & Pergola,https://www.tripadvisor.com/Attraction_Review-g186338-d6438561-Reviews-Hill_Garden_Pergola-London_England.html,50,82,0
175,Chinatown,https://www.tripadvisor.com/Attraction_Review-g186338-d211804-Reviews-Chinatown-London_England.html,40,2394,0
176,SEA LIFE London Aquarium,https://www.tripadvisor.com/Attraction_Review-g186338-d187554-Reviews-SEA_LIFE_London_Aquarium-London_England.html,35,6852,£20.38
177,Prince of Wales Theatre,https://www.tripadvisor.com/Attraction_Review-g186338-d189037-Reviews-Prince_of_Wales_Theatre-London_England.html,45,489,0
178,The Shard,https://www.tripadvisor.com/Attraction_Review-g186338-d15567100-Reviews-The_Shard-London_England.html,40,654,0
179,National Theatre,https://www.tripadvisor.com/Attraction_Review-g186338-d189782-Reviews-National_Theatre-London_England.html,45,1096,0
180,The Household Cavalry Museum,https://www.tripadvisor.com/Attraction_Review-g186338-d2025780-Reviews-The_Household_Cavalry_Museum-London_England.html,45,453,£8.00
181,Greenwich Foot Tunnel,https://www.tripadvisor.com/Attraction_Review-g186338-d1821177-Reviews-Greenwich_Foot_Tunnel-London_England.html,40,491,0
182,Bond Street,https://www.tripadvisor.com/Attraction_Review-g186338-d188711-Reviews-Bond_Street-London_England.html,45,600,0
183,Craven Cottage,https://www.tripadvisor.com/Attraction_Review-g186338-d1908604-Reviews-Craven_Cottage-London_England.html,45,383,0
184,Saatchi Gallery,https://www.tripadvisor.com/Attraction_Review-g186338-d601169-Reviews-Saatchi_Gallery-London_England.html,45,1783,0
185,The Queen's Walk,https://www.tripadvisor.com/Attraction_Review-g186338-d7224941-Reviews-The_Queen_s_Walk-London_England.html,45,181,0
186,Piccadilly Theatre,https://www.tripadvisor.com/Attraction_Review-g186338-d2253813-Reviews-Piccadilly_Theatre-London_England.html,40,755,£108.00
187,Hatton Garden,https://www.tripadvisor.com/Attraction_Review-g186338-d522853-Reviews-Hatton_Garden-London_England.html,45,230,0
188,Beefeater Gin Distillery,https://www.tripadvisor.com/Attraction_Review-g186338-d6582651-Reviews-Beefeater_Gin_Distillery-London_England.html,40,331,0
189,Big Ben,https://www.tripadvisor.com/Attraction_Review-g186338-d211709-Reviews-Big_Ben-London_England.html,45,31791,0
190,Dulwich Picture Gallery,https://www.tripadvisor.com/Attraction_Review-g186338-d211586-Reviews-Dulwich_Picture_Gallery-London_England.html,45,460,0
191,Apollo Victoria Theatre,https://www.tripadvisor.com/Attraction_Review-g186338-d1812120-Reviews-Apollo_Victoria_Theatre-London_England.html,45,1323,0
192,City of London Information Centre,https://www.tripadvisor.com/Attraction_Review-g186338-d548798-Reviews-City_of_London_Information_Centre-London_England.html,45,121,0
193,Haymarket Theatre Royal,https://www.tripadvisor.com/Attraction_Review-g186338-d240649-Reviews-Haymarket_Theatre_Royal-London_England.html,40,772,£90.00
194,Queen's House,https://www.tripadvisor.com/Attraction_Review-g186338-d187602-Reviews-Queen_s_House-London_England.html,45,359,0
195,Winter Wonderland,https://www.tripadvisor.com/Attraction_Review-g186338-d5929776-Reviews-Winter_Wonderland-London_England.html,40,5321,0
196,West End Theatre District,https://www.tripadvisor.com/Attraction_Review-g186338-d189783-Reviews-West_End_Theatre_District-London_England.html,45,585,0
197,Victoria Park,https://www.tripadvisor.com/Attraction_Review-g186338-d211742-Reviews-Victoria_Park-London_England.html,45,271,0
198,Whitehall,https://www.tripadvisor.com/Attraction_Review-g186338-d215638-Reviews-Whitehall-London_England.html,45,260,0
199,London Victoria Station,https://www.tripadvisor.com/Attraction_Review-g186338-d8388711-Reviews-London_Victoria_Station-London_England.html,40,534,0
200,Kensington,https://www.tripadvisor.com/Attraction_Review-g186338-d218012-Reviews-Kensington-London_England.html,45,156,0
201,Gielgud Theatre,https://www.tripadvisor.com/Attraction_Review-g186338-d559167-Reviews-Gielgud_Theatre-London_England.html,45,643,0
202,Sherlock Holmes Museum,https://www.tripadvisor.com/Attraction_Review-g186338-d211907-Reviews-Sherlock_Holmes_Museum-London_England.html,35,3195,0
203,Queen Elizabeth Olympic Park,https://www.tripadvisor.com/Attraction_Review-g186338-d4025920-Reviews-Queen_Elizabeth_Olympic_Park-London_England.html,40,1197,£11.50
204,Wilton's Music Hall,https://www.tripadvisor.com/Attraction_Review-g186338-d658728-Reviews-Wilton_s_Music_Hall-London_England.html,45,328,0
205,Seven Dials,https://www.tripadvisor.com/Attraction_Review-g186338-d501024-Reviews-Seven_Dials-London_England.html,45,221,0
206,Leighton House Museum,https://www.tripadvisor.com/Attraction_Review-g186338-d211902-Reviews-Leighton_House_Museum-London_England.html,45,678,0
207,The Fan Museum,https://www.tripadvisor.com/Attraction_Review-g186338-d211730-Reviews-The_Fan_Museum-London_England.html,45,272,0
208,Hay's Galleria,https://www.tripadvisor.com/Attraction_Review-g186338-d500061-Reviews-Hay_s_Galleria-London_England.html,40,354,0
209,Savoy Theatre,https://www.tripadvisor.com/Attraction_Review-g186338-d260506-Reviews-Savoy_Theatre-London_England.html,45,2058,0
210,Pimlico,https://www.tripadvisor.com/Attraction_Review-g186338-d188725-Reviews-Pimlico-London_England.html,45,126,0
211,Sloane Square,https://www.tripadvisor.com/Attraction_Review-g186338-d188041-Reviews-Sloane_Square-London_England.html,40,151,0
212,Palace Theatre,https://www.tripadvisor.com/Attraction_Review-g186338-d522871-Reviews-Palace_Theatre-London_England.html,45,1016,0
213,The Magic Circle,https://www.tripadvisor.com/Attraction_Review-g186338-d3533244-Reviews-The_Magic_Circle-London_England.html,45,275,0
214,Sipsmith Distillery,https://www.tripadvisor.com/Attraction_Review-g186338-d7909811-Reviews-Sipsmith_Distillery-London_England.html,45,213,0
215,Platform 9 3/4,https://www.tripadvisor.com/Attraction_Review-g186338-d2350633-Reviews-Platform_9_3_4-London_England.html,35,873,0
216,The O2,https://www.tripadvisor.com/Attraction_Review-g186338-d1063660-Reviews-The_O2-London_England.html,40,4929,0
217,Burlington Arcade,https://www.tripadvisor.com/Attraction_Review-g186338-d215371-Reviews-Burlington_Arcade-London_England.html,45,314,0
218,DreamWork's Tours: Shrek's Adventure! London,https://www.tripadvisor.com/Attraction_Review-g186338-d8380002-Reviews-DreamWork_s_Tours_Shrek_s_Adventure_London-London_England.html,35,3362,£21.00
219,Tardis Police Box,https://www.tripadvisor.com/Attraction_Review-g186338-d4067788-Reviews-Tardis_Police_Box-London_England.html,45,226,0
220,St. Martins Theatre,https://www.tripadvisor.com/Attraction_Review-g186338-d1453247-Reviews-St_Martins_Theatre-London_England.html,45,364,0
221,Two Temple Place,https://www.tripadvisor.com/Attraction_Review-g186338-d6580320-Reviews-Two_Temple_Place-London_England.html,45,208,0
222,Earl's Court,https://www.tripadvisor.com/Attraction_Review-g186338-d188724-Reviews-Earl_s_Court-London_England.html,40,211,0
223,Brixton Village,https://www.tripadvisor.com/Attraction_Review-g186338-d187542-Reviews-Brixton_Village-London_England.html,45,208,0
224,The Foundling Museum,https://www.tripadvisor.com/Attraction_Review-g186338-d587990-Reviews-The_Foundling_Museum-London_England.html,45,491,0
225,Noel Coward Theatre,https://www.tripadvisor.com/Attraction_Review-g186338-d3836912-Reviews-Noel_Coward_Theatre-London_England.html,45,820,£59.72
226,Guildhall,https://www.tripadvisor.com/Attraction_Review-g186338-d215445-Reviews-Guildhall-London_England.html,45,153,0
227,Southwark,https://www.tripadvisor.com/Attraction_Review-g186338-d285950-Reviews-Southwark-London_England.html,45,129,0
228,One New Change,https://www.tripadvisor.com/Attraction_Review-g186338-d2163484-Reviews-One_New_Change-London_England.html,45,299,0
229,Crossrail Place Roof Garden,https://www.tripadvisor.com/Attraction_Review-g186338-d8041349-Reviews-Crossrail_Place_Roof_Garden-London_England.html,45,164,0
230,Garrick Theatre,https://www.tripadvisor.com/Attraction_Review-g186338-d2186393-Reviews-Garrick_Theatre-London_England.html,45,773,0
231,Russell Square,https://www.tripadvisor.com/Attraction_Review-g186338-d189225-Reviews-Russell_Square-London_England.html,40,612,0
232,Royal Festival Hall,https://www.tripadvisor.com/Attraction_Review-g186338-d548614-Reviews-Royal_Festival_Hall-London_England.html,40,770,0
233,Church of St. Bartholomew the Great,https://www.tripadvisor.com/Attraction_Review-g186338-d215625-Reviews-Church_of_St_Bartholomew_the_Great-London_England.html,45,241,0
234,Plaza Premium Lounge T5 Departures,https://www.tripadvisor.com/Attraction_Review-g186338-d13969811-Reviews-Plaza_Premium_Lounge_T5_Departures-London_England.html,40,322,0
235,Duchess Theatre,https://www.tripadvisor.com/Attraction_Review-g186338-d3721860-Reviews-Duchess_Theatre-London_England.html,45,759,£42.50
236,Golders Hill Park,https://www.tripadvisor.com/Attraction_Review-g186338-d211599-Reviews-Golders_Hill_Park-London_England.html,45,116,0
237,All Hallows By The Tower,https://www.tripadvisor.com/Attraction_Review-g186338-d553576-Reviews-All_Hallows_By_The_Tower-London_England.html,45,280,0
238,Adelphi Theatre,https://www.tripadvisor.com/Attraction_Review-g186338-d8609051-Reviews-Adelphi_Theatre-London_England.html,40,257,0
239,The Mall,https://www.tripadvisor.com/Attraction_Review-g186338-d215632-Reviews-The_Mall-London_England.html,45,451,0
240,Baker Street,https://www.tripadvisor.com/Attraction_Review-g186338-d212404-Reviews-Baker_Street-London_England.html,40,425,0
241,Parliament Square,https://www.tripadvisor.com/Attraction_Review-g186338-d211784-Reviews-Parliament_Square-London_England.html,45,537,0
242,Bomber Command Memorial,https://www.tripadvisor.com/Attraction_Review-g186338-d3281984-Reviews-Bomber_Command_Memorial-London_England.html,45,2754,0
243,The Arts Theatre,https://www.tripadvisor.com/Attraction_Review-g186338-d3309607-Reviews-The_Arts_Theatre-London_England.html,40,442,0
244,Hippodrome Casino,https://www.tripadvisor.com/Attraction_Review-g186338-d600980-Reviews-Hippodrome_Casino-London_England.html,40,1224,0
245,Criterion Theatre,https://www.tripadvisor.com/Attraction_Review-g186338-d260504-Reviews-Criterion_Theatre-London_England.html,45,853,£59.50
246,Billingsgate Market,https://www.tripadvisor.com/Attraction_Review-g186338-d2248445-Reviews-Billingsgate_Market-London_England.html,45,122,0
247,London Stadium,https://www.tripadvisor.com/Attraction_Review-g186338-d3360714-Reviews-London_Stadium-London_England.html,40,1719,0
248,Nelson's Column,https://www.tripadvisor.com/Attraction_Review-g186338-d187914-Reviews-Nelson_s_Column-London_England.html,40,857,0
249,Peter Harrison Planetarium,https://www.tripadvisor.com/Attraction_Review-g186338-d678565-Reviews-Peter_Harrison_Planetarium-London_England.html,40,363,0
250,The Old Vic,https://www.tripadvisor.com/Attraction_Review-g186338-d554115-Reviews-The_Old_Vic-London_England.html,45,729,0
251,The London Pass,https://www.tripadvisor.com/Attraction_Review-g186338-d11768364-Reviews-The_London_Pass-London_England.html,35,1154,0
252,Old Bailey,https://www.tripadvisor.com/Attraction_Review-g186338-d214620-Reviews-Old_Bailey-London_England.html,45,139,0
253,The UK Supreme Court,https://www.tripadvisor.com/Attraction_Review-g186338-d1891869-Reviews-The_UK_Supreme_Court-London_England.html,45,271,0
254,Sadler's Wells,https://www.tripadvisor.com/Attraction_Review-g186338-d548737-Reviews-Sadler_s_Wells-London_England.html,45,517,0
255,Fenton House,https://www.tripadvisor.com/Attraction_Review-g186338-d211887-Reviews-Fenton_House-London_England.html,45,171,0
256,"County Hall, London",https://www.tripadvisor.com/Attraction_Review-g186338-d215401-Reviews-County_Hall_London-London_England.html,45,151,0
257,London Buses,https://www.tripadvisor.com/Attraction_Review-g186338-d507142-Reviews-London_Buses-London_England.html,45,408,0
258,Diana Princess of Wales Memorial Fountain,https://www.tripadvisor.com/Attraction_Review-g186338-d486877-Reviews-Diana_Princess_of_Wales_Memorial_Fountain-London_England.html,40,754,0
259,The Design Museum,https://www.tripadvisor.com/Attraction_Review-g186338-d10664838-Reviews-The_Design_Museum-London_England.html,35,907,0
260,Queen Victoria Memorial,https://www.tripadvisor.com/Attraction_Review-g186338-d2546395-Reviews-Queen_Victoria_Memorial-London_England.html,45,458,0
261,Dennis Severs' House,https://www.tripadvisor.com/Attraction_Review-g186338-d260507-Reviews-Dennis_Severs_House-London_England.html,40,726,0
262,Dinerama - Street Feast,https://www.tripadvisor.com/Attraction_Review-g186338-d8504353-Reviews-Dinerama_Street_Feast-London_England.html,45,416,0
263,Spencer House,https://www.tripadvisor.com/Attraction_Review-g186338-d188124-Reviews-Spencer_House-London_England.html,45,146,0
264,Wesley's Chapel & Museum of Methodism,https://www.tripadvisor.com/Attraction_Review-g186338-d211908-Reviews-Wesley_s_Chapel_Museum_of_Methodism-London_England.html,45,130,0
265,"Garden Lodge Queen, Londra",https://www.tripadvisor.com/Attraction_Review-g186338-d4760957-Reviews-Garden_Lodge_Queen_Londra-London_England.html,45,135,0
266,Cenotaph,https://www.tripadvisor.com/Attraction_Review-g186338-d211777-Reviews-Cenotaph-London_England.html,45,223,0
267,Jack the Ripper Museum,https://www.tripadvisor.com/Attraction_Review-g186338-d8638694-Reviews-Jack_the_Ripper_Museum-London_England.html,40,773,0
268,Buddhapadipa Temple,https://www.tripadvisor.com/Attraction_Review-g186338-d5566699-Reviews-Buddhapadipa_Temple-London_England.html,45,56,0
269,Shaftesbury Theatre,https://www.tripadvisor.com/Attraction_Review-g186338-d3228314-Reviews-Shaftesbury_Theatre-London_England.html,40,986,0
270,Postman's Park,https://www.tripadvisor.com/Attraction_Review-g186338-d2720429-Reviews-Postman_s_Park-London_England.html,45,319,0
271,Wellington Arch,https://www.tripadvisor.com/Attraction_Review-g186338-d786199-Reviews-Wellington_Arch-London_England.html,40,713,0
272,Westfield Stratford City,https://www.tripadvisor.com/Attraction_Review-g186338-d2305139-Reviews-Westfield_Stratford_City-London_England.html,40,1815,0
273,Alexandra Palace,https://www.tripadvisor.com/Attraction_Review-g186338-d211770-Reviews-Alexandra_Palace-London_England.html,40,808,0
274,Kensington High Street,https://www.tripadvisor.com/Attraction_Review-g186338-d246023-Reviews-Kensington_High_Street-London_England.html,40,254,0
275,Knightsbridge,https://www.tripadvisor.com/Attraction_Review-g186338-d188042-Reviews-Knightsbridge-London_England.html,40,275,0
276,Southbank Centre Food Markets,https://www.tripadvisor.com/Attraction_Review-g186338-d10533833-Reviews-Southbank_Centre_Food_Markets-London_England.html,45,110,0
277,Nomadic Community Garden,https://www.tripadvisor.com/Attraction_Review-g186338-d11907380-Reviews-Nomadic_Community_Garden-London_England.html,45,49,0
278,Jewish Museum,https://www.tripadvisor.com/Attraction_Review-g186338-d187716-Reviews-Jewish_Museum-London_England.html,45,294,0
279,Brixton,https://www.tripadvisor.com/Attraction_Review-g186338-d189226-Reviews-Brixton-London_England.html,40,303,0
280,Cadogan Hall,https://www.tripadvisor.com/Attraction_Review-g186338-d2527680-Reviews-Cadogan_Hall-London_England.html,45,221,0
281,Albert Memorial,https://www.tripadvisor.com/Attraction_Review-g186338-d211769-Reviews-Albert_Memorial-London_England.html,45,730,0
282,Victoria Embankment,https://www.tripadvisor.com/Attraction_Review-g186338-d215634-Reviews-Victoria_Embankment-London_England.html,45,167,0
283,Menier Chocolate Factory,https://www.tripadvisor.com/Attraction_Review-g186338-d3592596-Reviews-Menier_Chocolate_Factory-London_England.html,45,282,0
284,London Canal Museum,https://www.tripadvisor.com/Attraction_Review-g186338-d211620-Reviews-London_Canal_Museum-London_England.html,40,288,0
285,Coal Drops Yard,https://www.tripadvisor.com/Attraction_Review-g186338-d15343584-Reviews-Coal_Drops_Yard-London_England.html,45,104,0
286,BT Tower (The British Telecom Tower),https://www.tripadvisor.com/Attraction_Review-g186338-d8124226-Reviews-BT_Tower_The_British_Telecom_Tower-London_England.html,45,84,0
287,The Museum of the Order of St John,https://www.tripadvisor.com/Attraction_Review-g186338-d2141181-Reviews-The_Museum_of_the_Order_of_St_John-London_England.html,45,165,0
288,Mudchute Park & Farm,https://www.tripadvisor.com/Attraction_Review-g186338-d211813-Reviews-Mudchute_Park_Farm-London_England.html,40,223,0
289,Serpentine Boating Lake,https://www.tripadvisor.com/Attraction_Review-g186338-d7276062-Reviews-Serpentine_Boating_Lake-London_England.html,40,143,0
290,The London Silver Vaults,https://www.tripadvisor.com/Attraction_Review-g186338-d2356480-Reviews-The_London_Silver_Vaults-London_England.html,45,182,0
291,Lloyds of London,https://www.tripadvisor.com/Attraction_Review-g186338-d211792-Reviews-Lloyds_of_London-London_England.html,45,105,0
292,Bayswater,https://www.tripadvisor.com/Attraction_Review-g186338-d188723-Reviews-Bayswater-London_England.html,40,242,0
293,Golden Jubilee Bridges,https://www.tripadvisor.com/Attraction_Review-g186338-d7675847-Reviews-Golden_Jubilee_Bridges-London_England.html,40,179,0
294,Keats House,https://www.tripadvisor.com/Attraction_Review-g186338-d194289-Reviews-Keats_House-London_England.html,45,140,0
295,"The Meeting Place Statue, St. Pancras Station",https://www.tripadvisor.com/Attraction_Review-g186338-d10910717-Reviews-The_Meeting_Place_Statue_St_Pancras_Station-London_England.html,45,59,0
296,Eventim Apollo,https://www.tripadvisor.com/Attraction_Review-g186338-d1866281-Reviews-Eventim_Apollo-London_England.html,40,901,0
297,V&A Museum of Childhood,https://www.tripadvisor.com/Attraction_Review-g186338-d3494042-Reviews-V_A_Museum_of_Childhood-London_England.html,40,844,0
298,St. Christopher's Place,https://www.tripadvisor.com/Attraction_Review-g186338-d208437-Reviews-St_Christopher_s_Place-London_England.html,45,195,0
299,Virgin Trains,https://www.tripadvisor.com/Attraction_Review-g186338-d10463990-Reviews-Virgin_Trains-London_England.html,30,1559,0
