name,address,rate,price,rank,suggested duration,description,attraction type,n_Excellent,n_VeryGood,n_Average,n_Poor,n_Terrible
Tower of London,"St Katharine's & Wapping, London EC3N 4AB England",4.5,£28.90,8,3,"Discover London’s castle – a secure fortress, royal palace and infamous prison where you can explore 1000 years of history. Prepare to be dazzled by the breathtaking, world famous Crown Jewels. Take a Yeoman Warder tour and hear captivating stories...","['Sights & Landmarks', 'Points of Interest & Landmarks', 'Historic Sites']",43807,16487,3893,723,353
Tower Bridge,"Tower Bridge Road, London SE1 2UP England",4.5,£9.80,6,2,"An iconic London landmark and one of Britain's best loved historic sites, Tower Bridge is open to the public 363 days a year. Within the Bridge's iconic structure and magnificent Victorian Engine rooms, the Tower Bridge Exhibition is the best way of...","['Sights & Landmarks', 'Observation Decks & Towers', 'Points of Interest & Landmarks', 'Bridges', 'More']",25397,11247,1963,217,62
Churchill War Rooms,"King Charles Street, Clive Steps Westminster, London SW1A 2AQ England",4.5,£23.00,2,2,Discover the secrets of the Second World War in the underground nerve centre where Churchill and his war cabinet lived and wor,"['Sights & Landmarks', 'Museums', 'Military Museums', 'Historic Sites', 'History Museums', 'More']",16697,4987,931,137,81
National Gallery,"Trafalgar Square, London WC2N 5DN England",4.5,0,1,3,"The National Gallery houses the national collection of paintings in the Western European tradition from the 13th to the 19th centuries. It is on show 361 days a year, free of cha","['Museums', 'Art Museums']",29259,8547,1483,236,121
The British Museum,"Great Russell Street, London WC1B 3DG England",4.5,0,4,3,"A museum of the world, for the world. Discover over two million years of human history and culture. Some of the world-famous objects include the Rosetta Stone, the Parthenon sculptures and Egyptian mumm","['Museums', 'Art Museums', 'Speciality Museums', 'History Museums', 'More']",52669,15372,3417,695,369
Westminster Abbey,"20 Dean's Yard Broad Sanctuary, London SW1P 3PA England",4.5,£22.00,11,2,"Westminster Abbey was initially built by Henry III in 1245 and it is one of the most important Gothic buildings of England. At first home of Benedictine monks, the coronation church since 1066 and the final resting place of 17 monarchs. It contains...","['Sights & Landmarks', 'Historic Sites', 'Architectural Buildings', 'Sacred & Religious Sites', 'More']",16404,5645,1515,340,191
V&A  - Victoria and Albert Museum,"Cromwell Road, London SW7 2RL England",4.5,0,5,N/A,"The world's greatest museum of art and design.The V&A's collections are unrivalled in their diversity. Explore historical and contemporary art and design, including works of art from many of the world's richest cultures. Admission f","['Museums', 'Art Museums']",23267,6519,1387,297,153
St. Paul's Cathedral,"St Paul's Churchyard, London EC4M 8AD England",4.5,£17.00,13,2,"Rebuilt by Christopher Wren after the great Fire of 1666, St. Paul's has been the site of many historic state occasions; including Sir Winston Churchill's state funeral and the Royal Wedding of Prince Charles and Lady Diana Spencer. A busy working...","['Sights & Landmarks', 'Churches & Cathedrals']",11104,4269,1048,331,226
Natural History Museum,"Cromwell Road South Kensington, London SW7 5BD England",4.5,0,12,N/A,"A center of scientific excellence in the discovery of taxonomy and biodiversity, this world-famous museum promotes the discovery and enjoyment of the natural world through such exciting exhibits as the Life and Earth Galleries, wildlife garden and...","['Museums', 'History Museums', 'Natural History Museums']",24449,8652,2742,654,253
 Borough Market,"8 Southwark Street, London SE1 1TL England",4.5,0,10,N/A,An amazing food market dating back to the 13th cent,"['Shopping', 'Flea & Street Markets']",9068,3432,481,70,59
 Hyde Park,London W2 2UH England,4.5,0,7,3,"Once the hunting ground for Henry VIII, this large royal park is best known for its famous Speakers' Corner, where people speak their minds, Rotton Row, a famous horse-riding area and Serpentine Lake, home to waterfowl and oars",['Nature & Parks'],14998,5807,882,141,115
 Up at The O2,"The O2, London SE10 0DX England",4.5,0,25,3,"Get ready for a breathtaking new attraction, combining an exhilarating active outdoor challenge with a completely unique perspective on the Capital.Prepare yourself for an unforgettable 90 minute experience which will take you on an uplifting...","['Sights & Landmarks', 'Observation Decks & Towers']",4944,1075,174,39,32
 St. James's Park,"Horse Guards Road The Storeyard, London SW1A 2BJ England",4.5,0,3,2,"This 90-acre park, the oldest Royal Park in London, features a large lake that is a wildlife sanctuary for ducks, geese, swans and even pelic",['Nature & Parks'],12928,5191,526,34,10
 Covent Garden,"Covent Garden, London WC2E 9DD England",4.5,0,15,3,"Filled with restaurants, bars, markets and boutiques, London's premier tourist center offers fabulous shopping by day, and the destination of theatergoers and patrons of the Royal Opera House by ni","['Sights & Landmarks', 'Shopping', 'Points of Interest & Landmarks', 'Flea & Street Markets', 'More']",14135,8071,2040,308,118
 Houses of Parliament,"Parliament Square, London SW1A 0AA England",4.5,0,9,N/A,"Most of this iconic building was built in the mid-19th century following a devastating fire in 1834. Westminster Hall survived the fire and dates from 1097. Visitors can book tours through the House of Commons and the House of Lords, and are welcome...","['Sights & Landmarks', 'Historic Sites', 'Architectural Buildings', 'Government Buildings', 'More']",11737,3925,674,93,49
 Camden Market,"32 Camden Lock Place, London NW1 8AF England",4.5,0,16,N/A,We're driven by the belief that you can only keep discovering if you keep looking ... so we're always adding interesting stores and traders. No two days are ever the same at Camden Market. Keep checking back to see what's new and what's n,"['Shopping', 'Flea & Street Markets']",17580,7894,2314,616,325
 Chelsea FC Stadium Tour & Museum,"Stamford Bridge Fulham Road Stamford Bridge Stadium, London SW6 1HS England",4.5,£24.00,49,2,"Chelsea Football Club also offers an established and acclaimed Stadium Tour and Museum attraction, offering an information and exciting insight into Chelsea and Stamford Bridge, alongside an interactive and immersive museum experie","['Sights & Landmarks', 'Arenas & Stadiums']",1719,661,185,42,20
 The View from The Shard,"Joiner Street, London SE1 9QU England",4.5,£28.85,17,2,"Located 800ft above the ground, The View from The Shard is the highest viewing platform in London and is the only place to see the entire city all at once. The viewing galleries on Level 69 and the open-air Skydeck on Level 72 provide spectacular...","['Sights & Landmarks', 'Architectural Buildings', 'Points of Interest & Landmarks', 'Observation Decks & Towers', 'More']",10620,5117,1919,509,343
 Sky Garden,"20 Fenchurch Street 1 Sky Garden Walk, London EC3M 8AF England",4.5,0,14,N/A,"The famous enlarged glass dome of 20 Fenchurch Street is dedicated to three storeys of exquisitely landscaped public gardens and London's most exclusive social spaces, including observation decks and an open air terrace. Sky Garden also houses...","['Sights & Landmarks', 'Observation Decks & Towers']",10645,3307,709,195,277
 Regent's Park,"Chester Road Regent's Park, London NW1 4NR England",4.5,0,35,2,"Originally a royal hunting ground, this scenic park is a popular recreation area offering an artificial lake, tennis courts, cricket ground, children's playgrounds and the London Zoo, which lies on the north side of the p",['Nature & Parks'],4534,1605,192,11,13
 Emirates Stadium Tour and Museum,"75 Drayton Park Emirates Stadium, London N5 1BU England",4.5,£25.00,36,2,"Journey into Emirates Stadium and go on an all access behind-the-scenes tour. You’ll have the opportunity to walk in the footsteps of your heroes, listen to their matchday experiences and explore never before seen footage. Tours available in 10...","['Museums', 'Sights & Landmarks', 'Arenas & Stadiums', 'Speciality Museums', 'More']",1883,541,98,26,22
 Buckingham Palace,"Spur Road, London SW1A 1AA England",4.5,£26.50,19,N/A,Buckingham Palace is recognised around the world as the focus of national and royal celebrations as well as the backdrop to the regular Changing the Guard ceremony. Explore the magnificent State Rooms which are open to visitors for 10 weeks each...,"['Sights & Landmarks', 'Historic Sites', 'Points of Interest & Landmarks']",15681,8575,3908,678,253
 Wallace Collection,"Hertford House Manchester Square Manchester Square, London W1U 3BN England",4.5,0,34,N/A,"A free to visit, national museum in the heart of central London. Originally a private collection, the artwork was bequeathed to the nation by Lady Wallace in 1897. This attraction features one of the world's best collections of French 18th-century...","['Museums', 'Sights & Landmarks', 'Historic Sites', 'Art Museums', 'More']",4984,1245,180,41,17
 Greenwich,London SE10 England,4.5,0,57,N/A,"Set on the south bank of the Thames, approximately five miles from central London, this city borough is rich in maritime history and features the Old Royal Naval College, National Maritime Museum and the Royal Observatory, which was built by Sir...","['Sights & Landmarks', 'Other', 'Neighbourhoods']",3743,1798,269,40,20
 Imperial War Museums,"Lambeth Road, London SE1 6HZ England",4.5,0,100,N/A,"Founded during the First World War, IWM London gives voice to the extraordinary experiences of ordinary people forced to live in a world torn apart by conflict. From the wonder of its world-famous atrium to the countless discoveries on each of its...","['Museums', 'History Museums', 'Military Museums']",6621,2483,706,357,218
 HMS Belfast,"The Queen's Walk, London SE1 2JH England",4.5,0,85,N/A,London’s warship experience. Climb on board and explore all 9 decks. Permanently moored on the Tha,"['Museums', 'Sights & Landmarks', 'Military Museums', 'Historic Sites', 'Ships', 'More']",2260,1232,242,47,26
 Highgate Cemetery,"Swains Lane Highgate, London N6 6PJ England",4.5,0,30,N/A,"Beautiful Victorian cemetery near to Hampstead Heath. Highgate Cemetery has some of the finest funerary architecture in the country. It is a place of peaceful contemplation where trees, memorials and wildlife flour","['Sights & Landmarks', 'Cemeteries']",1295,372,68,20,17
 Shakespeare's Globe Theatre,"21 New Globe Walk, London SE1 9DT England",4.5,0,120,N/A,"Founded by the pioneering American actor and director Sam Wanamaker, Shakespeare's Globe is a unique international resource dedicated to the exploration of Shakespeare's work and the playhouse for which he wrote, through the connected means of...","['Sights & Landmarks', 'Concerts & Shows', 'Historic Sites', 'Architectural Buildings', 'Theatres', 'More']",5617,2067,543,188,137
 School Of Rock The Musical,N/A,5.0,0,32,N/A,N/A,"['Concerts & Shows', 'Theatres']",806,98,27,10,11
 Royal Air Force Museum London,"Grahame Park Way, London NW9 5LL England",4.5,0,84,N/A,"The Royal Air Force Museum London is a national museum that celebrates and commemorates the story of the Royal Air Force. On 30 June 2018 we launched three new innovative galleries that explore the first 100 years of the RAF, its role today and will...","['Museums', ""Children's Museums"", 'Science Museums', 'Military Museums', 'More']",2555,815,191,45,14
Emirates Stadium,N/A,4.5,£299.00,69,N/A,N/A,"['Sights & Landmarks', 'Arenas & Stadiums']",1296,496,72,29,28
Kensington Gardens,"The Magazine Storeyard Magazine Gate, London W2 UH England",4.5,0,45,N/A,"Separated from Hyde Park by the Serpentine, a lake used by boaters and swimmers, this park is calmer and more peaceful than its neighbor, and features many attractions including a statue of Peter Pan, Albert Memorial and the Serpentine Art Gall","['Nature & Parks', 'Gardens']",2865,1350,173,13,6
Tate Britain,"Millbank, London SW1P 4RG England",4.5,0,116,2,"The home of British art from 1500 to the present day. Tate Britain holds the largest collection of British art in the world. Walk through the history of British art from 1500 to the present day. See masterpieces by J.M.W. Turner, John Constable...","['Museums', 'Art Museums']",2451,1144,272,76,28
Museum of London,"150 London Wall, London EC2Y 5HN England",4.5,0,123,3,"Step inside the Museum of London for an unforgettable journey through the capital’s turbulent past. Discover prehistoric London, see how the city changed under Romans and Saxons, wonder at medieval London and examine the tumultuous years when London...","['Museums', 'History Museums']",3375,1824,379,88,45
National Portrait Gallery,"Charing Cross Road 2 St. Martin's Place, London WC2H 0HE England",4.5,0,86,3,This world-famous museum houses portraits of noted Britons from the Tudors to the present ,"['Museums', 'Art Museums']",3649,1632,367,57,24
British Library,"96 Euston Road, London NW1 2DB England",4.5,0,78,2,"Open to all visitors seven-days-a-week, this superb building by Sir Colin St John Wilson offers events, special exhibitions and a Treasures Gallery that displays over 200 items, including Magna Carta, a Gutenberg Bible and lyrics by the Beat","['Traveller Resources', 'Museums', 'History Museums', 'Libraries', 'More']",2586,1035,216,57,26
Hampstead Heath,N/A,4.5,0,38,N/A,N/A,"['Nature & Parks', 'Nature & Wildlife Areas']",1225,412,63,8,2
Old Royal Naval College,"College Way, London SE10 9NN England",4.5,£12.00,33,2,The Old Royal Naval College is temporarily closed until 31 March 2020. Following careful consideration in response to the COVID-19 interior visitor spaces will be closed until the end of the month. The situation will be continually reviewed so...,"['Sights & Landmarks', 'Churches & Cathedrals', 'Architectural Buildings', 'Historic Sites', 'More']",2028,469,55,9,34
Tottenham Hotspur Stadium,N/A,4.5,0,31,N/A,N/A,"['Sights & Landmarks', 'Arenas & Stadiums']",470,41,11,12,13
Trafalgar Square,"Centre of the City, London SW1A England",4.5,0,162,N/A,"A 145-foot-high monument, bearing a statue of Lord Horatio Nelson guarded by lions, marks the spot considered the center of Lon","['Sights & Landmarks', 'Points of Interest & Landmarks']",3847,3223,871,95,34
BAPS Shri Swaminarayan Mandir,"105-119 Brentfield Road Neasden, London NW10 8LD England",4.5,0,37,2,BAPS Shri Swaminarayan Mandir – popularly known as the Neasden Temple – is a masterpiece of traditional Hindu design and exquisite Indian workmanship in the heart of north-west London. It is dedicated to the worship of Bhagwan Swaminarayan and the...,"['Sights & Landmarks', 'Sacred & Religious Sites']",445,133,18,11,3
London Underground,London SW1H 0TL England,4.5,0,18,N/A,"London Underground, better known as the Tube, has 11 lines covering 402km and serving 270 stations. Opened in 1863, it is the world's oldest underground railway network, and one of the larg","['Transportation', 'Mass Transportation Systems']",25508,12909,4199,1148,845
Tower of London,London W2 England,4.5,£28.90,157,N/A,"Trendy and fashionable neighborhood in London with a distinctive, small-village feel, made famous by a movie of the same n","['Other', 'Sights & Landmarks', 'Neighbourhoods']",1465,1046,294,33,18
Tower Bridge,"Westminster Bridge Road Riverside Building, County Hall, London SE1 7PB England",4.5,£9.80,20,2,"A trip on the London Eye is truly captivating, a ‘must-do’ and has been London’s number one visitor experience for over a decade. Elegantly rotating over the River Thames and less than a five minute stroll from Waterloo station along the beautiful...","['Sights & Landmarks', 'Points of Interest & Landmarks', 'Observation Decks & Towers']",45136,26492,11078,2411,1210
Churchill War Rooms,"Kensington-Chelsea, London England",4.5,£23.00,67,N/A,"Situated west of Kensington Gardens, this city park is particularly attractive in the spring when tulips are in full bloom, and in summer when performances are staged at the open-air thea","['Other', 'Sights & Landmarks', 'Nature & Parks', 'Neighbourhoods', 'More']",1060,434,71,7,5
National Gallery,N/A,4.5,0,42,N/A,N/A,"['Museums', 'Speciality Museums']",909,310,55,15,6
The British Museum,N/A,4.5,0,58,N/A,N/A,['Nature & Parks'],2027,937,115,11,6
Westminster Abbey,"411-412 Strand, London WC2R 0NS England",4.5,£22.00,28,N/A,"Although there have been various earlier entertainment buildings on the site the reconstructed Adelphi Theatre, with its art deco interiors, opened to the public in December 1930 with Jessie Matthews starring in Ever Green.The front-of-house areas...","['Concerts & Shows', 'Theatres']",2217,364,64,21,20
V&A  - Victoria and Albert Museum,"27 Western Gateway, London E16 1FA England",4.5,0,83,N/A,"Emirates Air Line crosses the River Thames between Greenwich Peninsula and the Royal Docks, just five minutes from the O2 by North Greenwich Tube station. Cabins arrive every 30 seconds and flights are approximately 10 minutes each ","['Transportation', 'Tramways']",2240,1089,264,41,27
St. Paul's Cathedral,N/A,4.5,£17.00,158,N/A,N/A,"['Museums', 'Sights & Landmarks', 'Speciality Museums', 'Historic Sites', 'Ships', 'More']",1637,1145,294,62,26
Natural History Museum,N/A,4.5,0,68,N/A,N/A,"['Nature & Parks', 'Other', 'Sights & Landmarks', 'Neighbourhoods', 'More']",1336,625,92,6,4
 Borough Market,"1 The Warehouse Hertsmere Road, London E14 4AL England",4.5,0,50,3,"From Roman settlement to Docklands’ regeneration, unlock the history of London’s river, port and people in this historic warehouse. Discover a wealth of objects from whale bones to WWII gas masks in state-of-the-art galleries, including Mudlarks, an...","['Museums', 'Speciality Museums', 'History Museums']",829,383,73,11,2
 Hyde Park,"15-20 Phoenix Place, London WC1X 0DA England",4.5,0,190,N/A,"TEMPORARY MUSEUM CLOSURE The Postal Museum is temporarily closed due to Coronavirus outbreak but we’ll continue to share the surprising stories of the first social network and the hidden underground Mail Rail on our Facebook, Twitter and Instag","['Museums', 'Speciality Museums']",603,337,81,37,35
 Up at The O2,N/A,4.5,0,167,N/A,N/A,"['Other', 'Sights & Landmarks', 'Neighbourhoods']",732,621,147,24,13
 St. James's Park,"Emirates Cable Car Terminal Edmund Halley Way, London SE10 0FR England",4.5,0,126,N/A,"Emirates Air Line crosses the River Thames between Greenwich Peninsula and the Royal Docks, just five minutes from the O2 by North Greenwich Tube station. Cabins arrive every 30 seconds and flights are approximately 10 minutes each ","['Transportation', 'Tramways']",1641,891,189,33,30
 Covent Garden,N/A,4.5,0,148,N/A,N/A,"['Nature & Parks', 'Bodies of Water']",1509,1009,236,46,28
 Houses of Parliament,N/A,4.5,0,143,N/A,N/A,"['Sights & Landmarks', 'Points of Interest & Landmarks']",468,278,77,13,15
 Camden Market,"St. Pancras Station Euston Road, London N1C 4QP England",4.5,0,189,2,"St Pancras International is one of the greatest Victorian buildings in London. It has become a key destination for Eurostar and high-speed rail in the UK, as well as a fantastic retail and hospitality destination. It has something for everyone...","['Sights & Landmarks', 'Transportation', 'Mass Transportation Systems', 'Architectural Buildings', 'Points of Interest & Landmarks', 'More']",1804,1182,210,62,73
 Chelsea FC Stadium Tour & Museum,N/A,4.5,£24.00,76,N/A,N/A,['Nature & Parks'],336,171,23,4,4
 The View from The Shard,"Charles Dickens Museum 48 Doughty Street, London WC1N 2LX England",4.5,£28.85,118,2,"The Charles Dickens Museum in London holds the world's most important Dickens collection with over 100,000 items including manuscripts, rare editions, personal items, paintings and other visual sources. Based in 48 Doughty Street, the author’s only...","['Museums', 'Speciality Museums']",681,341,70,25,10
 Sky Garden,"Brick Lane Police Station 25 Brick Lane, London E1 6PU England",4.5,0,184,N/A,"This historic street dates back approximately 450 years, and is now a popular place for great Indian food and Sunday mark","['Sights & Landmarks', 'Other', 'Neighbourhoods', 'Points of Interest & Landmarks', 'More']",891,657,175,48,37
 Regent's Park,"Monument St., London EC3R 8AH England",4.5,0,164,N/A,"A permanent reminder of the Great Fire of 1666, the Monument commemorates one of the most famous events in London's history. Standing regally on the piazza between Fish Street Hill and Monument Street, the 202ft column designed by Sir Christopher...","['Sights & Landmarks', 'Historic Sites', 'Observation Decks & Towers', 'Monuments & Statues', 'More']",1029,919,270,27,7
 Emirates Stadium Tour and Museum,"Soho, London W1F England",4.5,£25.00,215,3,"Carnaby is a unique shopping and dining destination in the heart of London's West End, with over 150 brands, boutiques, concept stores and flagships, and 60 independent restaurants, bars and cafés found across 14 streets, including the world famous...","['Other', 'Sights & Landmarks', 'Neighbourhoods', 'Points of Interest & Landmarks', 'More']",665,611,213,62,36
 Buckingham Palace,"50 St. Katharines Way St Katherine's & Wapping, London E1W 1LA England",4.5,£26.50,114,N/A,"Iconic St Katharine Docks is Central London's only marina and has evolved into a thriving waterside community featuring modern and unusual office space, luxury homes and quayside dining and shopping. A stone's throw from the Tower of London, the...","['Sights & Landmarks', 'Nature & Parks', 'Scenic Walking Areas', 'Marinas', 'Piers & Boardwalks', 'More']",397,286,29,6,2
 Wallace Collection,"St. Thomas's Church 9A St. Thomas Street, London SE1 9RY England",4.5,0,101,2,"The Old Operating Theatre Museum and Herb Garret is one of the most unusual Museums in London. It is in quite an amazing location - in the attic of an English Baroque church which was used as a Herb Garret, and later on converted into an Operating...","['Concerts & Shows', 'Sights & Landmarks', 'Historic Sites', 'Theatres', 'More']",419,282,52,8,3
 Greenwich,"16 Horner Square, London E1 6EW England",4.5,0,207,3,"Open 7 days a week, it is the perfect antidote to the high street. We bring together small producers with local creatives and artisans, original independent retailers and a few well-known brands under one historic roof. Our daily market is home to a...","['Shopping', 'Flea & Street Markets']",964,799,216,41,25
 Imperial War Museums,"Lords Cricket Ground St. Johns Wood Road, London NW8 8QN England",4.5,0,74,N/A,"Lord's Cricket Ground is known as the Home of Cricket and is owned by Marylebone Cricket Club - better known, throughout the cricketing world, as MCC. Founded in 1787, MCC is the world's most famous cricket c","['Museums', 'Fun & Games', 'Sights & Landmarks', 'Arenas & Stadiums', 'Sports Complexes', 'Speciality Museums', 'More']",1039,365,79,17,16
 HMS Belfast,"Buckingham Palace Buckingham Palace Road, London SW1W 1QH England",4.5,0,165,N/A,The Royal Mews is home to the royal collection of historic coaches and carriages and is considered to be one of the finest working stables in existence. The Royal Mews is responsible for all road travel arrangements for The Queen and members of the...,"['Sights & Landmarks', 'Historic Sites', 'Points of Interest & Landmarks']",653,542,156,29,14
 Highgate Cemetery,"Bow Street, London WC2E 9DD England",4.5,0,72,3,"Experience all the Royal Opera House has to offer – stunning performances from The Royal Ballet and The Royal Opera, delicious food and drink, inspiring interactive events and a perfect place to relax in the heart of Covent Gar","['Concerts & Shows', 'Ballets', 'Operas', 'Theatres', 'More']",2213,529,97,39,31
 Shakespeare's Globe Theatre,N/A,4.5,0,41,N/A,N/A,"['Fun & Games', 'Sights & Landmarks', 'Arenas & Stadiums', 'Sports Complexes', 'More']",1247,275,47,9,11
 School Of Rock The Musical,N/A,5.0,0,56,N/A,N/A,"['Nature & Parks', 'Gardens']",403,170,25,8,10
 Royal Air Force Museum London,"Portobello Road Ladbroke Grove, London W11 1LU England",4.5,0,244,3,"Portobello Road is probably the world’s best known market. Though famous for antiques, that’s not all there is. It’s a haven for lovers of fashion, food, books and music; anyone who wants to find something unique or loves a bargain. It’s real London...","['Shopping', 'Flea & Street Markets']",1986,1621,593,169,70
Emirates Stadium,N/A,4.5,£299.00,48,N/A,N/A,"['Sights & Landmarks', 'Points of Interest & Landmarks']",228,90,7,1,0
Kensington Gardens,N/A,4.5,0,156,N/A,N/A,"['Sights & Landmarks', 'Points of Interest & Landmarks']",645,274,62,19,29
Tate Britain,"42 Francis Street, London SW1P 1QW England",4.5,0,104,N/A,"Admission to the Cathedral is free but donations are gratefully received Tower Lift - £6 adult; £3 concession; £14 family ticket (2 adult and 2 children) If you enter the Cathedral at a quiet moment in the day, don’t imagine that it is always like...","['Sights & Landmarks', 'Churches & Cathedrals', 'Sacred & Religious Sites']",847,517,92,15,2
Museum of London,"Somerset House Strand Somerset House, London WC2R 0RN England",4.5,0,44,N/A,"""This place is temporarily closed."" We are now closed for a period of at least two years while we undertake a major transformation project called Courtauld Connects. This will enable us to significantly improve our visitor experience by putting...","['Museums', 'Art Museums']",2526,765,102,12,8
National Portrait Gallery,N/A,4.5,0,64,N/A,N/A,"['Concerts & Shows', 'Theatres']",576,204,43,11,22
British Library,N/A,4.5,0,75,N/A,N/A,"['Sights & Landmarks', 'Churches & Cathedrals']",422,208,33,4,6
Hampstead Heath,"111-117 Lancaster Road Notting Hill, London W11 1QT England",4.5,0,71,N/A,"Just around the corner from the world-famous Portobello Road Market stands a unique, Aladdin's cave of retro design and memories - the only museum of its kind in the whole world. Imagine walking through a corridor full from floor to ceiling with the...","['Museums', 'History Museums']",765,347,58,15,8
Old Royal Naval College,"3 Abbey Road, London NW8 9AY England",4.5,£12.00,173,N/A,"This studio has stood at the forefront of the recording industry for many years, which is particularly noteworthy as the recording studio used by the famous Beatles during the 1960s and 19","['Sights & Landmarks', 'Historic Sites']",255,148,63,10,5
Tottenham Hotspur Stadium,"53 Bankside, London SE1 9TG England",4.5,0,256,2,"A visit to London isn't complete without a trip to Tate Modern. Tate Modern is Britain's national museum of modern and contemporary art from around the globe, and the world’s most visited contemporary art gallery. Housed in the former Bankside Power...","['Museums', 'Art Museums']",4832,3036,1387,574,345
Trafalgar Square,"45 Wellington Street, London WC2E 7BN England",4.5,0,193,N/A,The London Film Museum Covent Garden is now dedicated to the Bond in Motion Collection - the largest official collection of original James Bond vehic,"['Museums', 'Speciality Museums']",637,434,138,27,18
BAPS Shri Swaminarayan Mandir,"Park Row Greenwich Peninsula, London SE10 9NF England",4.5,0,200,3,"Experience the world's largest maritime museum, filled with inspirational stories of exploration and endeavour at sea and packed to the gunwales with intriguing objects and fascinating galleries. See the uniform Nelson wore at the Battle of...","['Museums', 'Speciality Museums']",909,697,225,113,51
London Underground,"Piccadilly Circus, London W1J 9HS England",4.5,0,266,2,"Located at the junction of five busy streets, this famous London landmark blazes with neon displays, which serve as a colorful backdrop to a bronze fountain topped by a figure of a winged arc","['Sights & Landmarks', 'Points of Interest & Landmarks', 'Historic Sites']",2422,2194,953,207,70
Notting Hill,N/A,4.5,0,79,N/A,N/A,"['Nature & Parks', 'Gardens']",234,76,26,5,1
London Eye,"57 Haymarket, London SW1Y 4QL England",4.5,£28.00,151,N/A,"Her Majesty’s Theatre is positioned in the Haymarket, adjacent to the Piccadilly Circus. Without giving a single thought, book online advance official The Phantom of the Opera tickets running with packed houses at Her Majesty’s Thea","['Concerts & Shows', 'Theatres']",732,269,93,20,23
Holland Park,"Exhibition Road South Kensington, London SW7 2DD England",4.5,0,311,3,"Welcoming over 3 million visitors a year, the Science Museum is must-see for families and adults as part of any trip to London. The museum aims to make sense of the science that shapes our lives, inspiring visitors with iconic objects, award-winning...","['Museums', 'Science Museums']",4304,2698,1227,443,226
Wimbledon Lawn Tennis Museum,"Lilywhite House 782 High Road Tottenham Hotspur Stadium, London N17 0BX England",4.5,0,21,2,"Step behind the scenes at the Tottenham Hotspur Stadium during a 90 minute guided tour. Walk in the footsteps of the Tottenham Hotspur team, getting exclusive access to player areas, as well as discovering the state-of-the-art features and...","['Sights & Landmarks', 'Arenas & Stadiums']",698,22,4,0,1
Greenwich Park,N/A,4.5,0,63,N/A,N/A,"['Other', 'Sights & Landmarks', 'Neighbourhoods']",3083,1207,203,32,7
Kinky Boots at Adelphi Theatre,"Oxford Street, London W1W 8LG England",5.0,0,246,N/A,"London's Oxford Street spells action where you can shop 'til you drop along England's most famous shopping street, drop into one of the many pubs for a tasty ale or catch the latest musical at the thea","['Sights & Landmarks', 'Points of Interest & Landmarks', 'Historic Walking Areas']",2200,1689,649,173,95
Emirates Air Line Cable Car - Royal Docks,"13 Lincoln's Inn Fields Holborn, London WC2A 3BP England",4.5,0,94,N/A,"The unusual and unique home of Sir John Soane, eccentric architect of the Bank of England, presents a chimera of colors, unusual perspectives and decorative ornaments drawn from many centuries. Entry is free but timed tickets must be booked onl","['Museums', 'Art Museums']",1211,444,108,36,19
Cutty Sark,"87-135 Brompton Road, London SW1X 7XL England",4.5,£15.00,29,3,"Harrods remains at the height of British luxury retail, attracting millions of loyal customers from across the globe with its unrivalled product selection, world-class service, innovative retail theatre and historic setting. The store was opened in...","['Sights & Landmarks', 'Shopping', 'Points of Interest & Landmarks', 'Department Stores', 'More']",8855,5710,2962,989,791
Primrose Hill,"Blackheath Avenue, London SE10 8EJ England",4.5,0,263,N/A,"The prime meridian, zero degrees longitude, runs through the courtyard of the Royal Observatory in Greenwich, England, which was founded in 1675 by King Charles","['Sights & Landmarks', 'Museums', 'Observatories & Planetariums', 'Historic Sites', 'Points of Interest & Landmarks', 'More']",1497,1279,486,132,60
Museum of London Docklands,N/A,4.5,0,127,N/A,N/A,"['Shopping', 'Flea & Street Markets']",191,121,20,5,2
The Postal Museum,N/A,4.5,0,245,N/A,N/A,"['Museums', 'Speciality Museums']",641,550,246,101,71
Soho,"Leicester Square, London England",4.5,0,237,3,"Whether it's film, theatre, food or family favourites, Leicester Square exists to excite your senses. Located in the heart of London's West End, the square is within easy walking distance from Piccadilly Circus, Regent Street, Soho and Covent...","['Concerts & Shows', 'Sights & Landmarks', 'Theatres', 'Points of Interest & Landmarks', 'More']",764,757,261,61,35
Emirates Air Line Cable Car - Greenwich Peninsula,N/A,4.5,0,110,N/A,N/A,"['Shopping', 'Flea & Street Markets']",339,175,21,4,1
Thames River,"Thames Embankment, London SE1 9JE England",4.5,0,224,2,"With a modern design giving a unique tubular effect, London's Millennium Bridge is a 330-meter pedestrian bridge linking the City of London at St Paul's Cathedral with the new Tate Gallery at Banks","['Sights & Landmarks', 'Bridges']",896,962,328,33,9
Lego Shop,"Freemasons Hall 60 Great Queen Street Covent Garden, London WC2B 5AZ England",4.5,0,81,2,"Freemasons’ Hall has been the centre of English Freemasonry for over 240 years. It is the meeting place for over 1,000 Masonic Lodges and the headquarters of the United Grand Lodge of England, the first Grand Lodge in the world. The building, which...","['Sights & Landmarks', 'Museums', 'Architectural Buildings', 'History Museums', 'More']",368,118,29,2,3
St. Pancras International Station,"5B Greenwich Market A206, London SE10 9HZ England",4.5,0,210,N/A,"This indoor market dates back to 1737 and is the only in London located on a World Heritage site. Antiques, arts and crafts and London designer-mak","['Shopping', 'Flea & Street Markets']",728,687,156,36,13
Battersea Park,"Lambeth Bridge to Blackfriars Bridge south to St George's Circus, London SE1 England",4.5,0,115,N/A,"South Bank is a beautiful riverside stretch in the heart of London featuring the Coca-Cola London Eye, SEA LIFE London Aquarium, Imperial War Museum London, Southbank Centre, National Theatre, top hotels, shopping, dining and more. Located walking...","['Other', 'Concerts & Shows', 'Sights & Landmarks', 'Theatres', 'Historic Walking Areas', 'Neighbourhoods', 'More']",974,590,63,15,11
Charles Dickens Museum,"Columbia Road, London E2 7RG England",4.5,0,140,N/A,"Columbia Road flower market and shops are open every Sunday from 8am until about 3pm. As well as the market, there is also a mass of independent shops, selling everything from jewellery and vintage clothes, to antiques, cupcakes, art and furniture...","['Shopping', 'Flea & Street Markets']",381,213,48,13,6
Brick Lane,"8 Argyll Street, London W1F 7TF England",4.5,0,206,3,"Designed in 1910 by Frank Matcham, this famous London theater has a seating capacity of 2,","['Concerts & Shows', 'Theatres']",1109,494,181,99,90
The Monument to the Great Fire of London,"Leake Street, London SE1 7NN England",4.5,0,77,2,"Leake Street Arches is a celebration of urban art, dining and entertainment live from Waterloo. Eight former railway arches next to the famous Graffiti Tunnel have been brought back to life to provide a curated collection of independent restaurants...","['Sights & Landmarks', 'Points of Interest & Landmarks']",87,33,7,1,0
Carnaby Street,N/A,4.0,0,103,N/A,N/A,"['Concerts & Shows', 'Theatres']",750,242,52,34,31
St. Katharine Docks,N/A,4.5,0,213,N/A,N/A,"['Sights & Landmarks', 'Other', 'Neighbourhoods']",349,309,82,12,7
Old Operating Theatre,"Burlington House Piccadilly Piccadilly, London W1J 0BD England",4.5,0,217,N/A,"Founded in 1768, this thriving center of artistic excellence is the oldest fine arts institution in Britain, whose exhibitions attract over a million people each y","['Museums', 'Sights & Landmarks', 'Educational sites', 'Art Museums', 'More']",1243,557,188,85,60
Old Spitalfields Market,"Buckingham Palace Road, London SW1A 1AA England",4.5,0,239,N/A,The Queen's Gallery hosts a programme of changing exhibitions from the Royal Collect,"['Museums', 'Shopping', 'Art Museums', 'Art Galleries', 'More']",391,232,94,32,26
Lord's Cricket Ground,"Ariel Way Shepherds Bush, White City, London W12 7GF England",4.5,0,255,N/A,"Unlike its Stratford branch, the original Westfield has a special wing, The Village, devoted to 30+ luxury brands like Louis Vuitton and Prada, plus the usual mall staples, restaurants, and a cin","['Shopping', 'Shopping Malls']",1076,712,164,45,91
Royal Mews,"Horse Guards Whitehall, London SW1A 2AX England",4.5,£13.00,188,N/A,"Built in 1745 to house the old palace guards, this is London's largest single open space that is used for the changing of the gua","['Sights & Landmarks', 'Points of Interest & Landmarks']",511,345,107,21,7
Royal Opera House,"3 Abbey Road, London NW8 9AY England",4.5,0,257,N/A,Walk this historic street in London and you are transported back to the turbulent era of the 1960s and the musical phenomenon of the Beat,"['Sights & Landmarks', 'Points of Interest & Landmarks', 'Historic Walking Areas', 'Historic Sites', 'More']",710,579,290,52,18
The All England Lawn Tennis Club,N/A,4.5,0,55,N/A,N/A,"['Sights & Landmarks', 'Points of Interest & Landmarks']",156,44,7,0,2
Chelsea Physic Garden,"1 Piccadilly Circus Piccadilly Circus, London W1J 0DA England",4.5,0,107,3,Journey through the human body and discover the magic and mysteries that lie underneath the skin. Dr Gunther von Hagens’ world-renowned exhibition of real human bodies now has a permanent home in London’s iconic Piccadilly Circus. The exhibition has...,"['Museums', 'Speciality Museums']",321,100,39,14,7
Portobello Road Market,"39 Wellington Street Covent Garden Piazza, London WC2E 7BB England",4.0,0,323,2,"Keeping our visitors and staff safe is our top priority. Following Government advice about #Covid_19, the Museum, Shop and Canteen in Covent Garden and the Depot in Acton will remain closed from now until further notice. Check our website for...","['Museums', 'Speciality Museums', 'History Museums']",1106,1024,398,109,76
St. Dunstan in the East,"183 Euston Road, London NW1 2BE England",4.5,0,144,N/A,"Open on Bank Holiday Mondays, 10am - 6pm. Wellcome Collection is a free museum and library that aims to challenge how we all think and feel about health. Through exhibitions, collections, live programming, digital, broadcast and publishing, we...","['Museums', 'Art Museums', 'Science Museums', 'Speciality Museums', 'More']",584,298,64,12,11
Eltham Palace and Gardens,N/A,4.5,0,172,N/A,N/A,"['Sights & Landmarks', 'Points of Interest & Landmarks']",791,683,142,22,16
Westminster Cathedral,"21 University Street, London WC1E 6DE England",4.5,0,80,N/A,"The Grant Museum is the only remaining university zoological museum in London. It houses around 67,000 specimens, covering the whole of the Animal Kingdom. Founded in 1827 as a teaching collection, the Museum is packed full of skeletons, mounted...","['Museums', 'Speciality Museums']",314,148,15,4,0
The Courtauld Gallery,N/A,4.5,0,87,N/A,N/A,"['Museums', 'Speciality Museums']",229,91,21,6,3
Novello Theatre,N/A,4.5,0,112,N/A,N/A,"['Sights & Landmarks', 'Churches & Cathedrals', 'Sacred & Religious Sites']",467,314,68,5,1
Temple Church,"42 Newington Causeway, London SE1 6DR England",4.5,0,270,3,"Mercato Metropolitano, centrally located in London's south-east Elephant & Castle, is the city’s first sustainable community market focused on revitalising neighbourhoods and protecting the environment. The market has incubated more than 40 food and...","['Shopping', 'Food & Drink', 'Farmers Markets']",409,196,51,22,39
Museum of Brands,"Whitehall Palace Whitehall Horse Guards Avenue, London SW1A 2ER England",4.5,£9.00,155,2,"Admire the epic Rubens' ceiling and discover the site of Charles I's execution at Banqueting House, Whitehall - a magnificent survivor of the lost royal Palace of Whitehall. Once the principle setting for the passions, intrigues and ceremonies of...","['Sights & Landmarks', 'Museums', 'Art Museums', 'Historic Sites', 'Architectural Buildings', 'More']",295,245,78,15,8
Abbey Road Studios,N/A,4.5,0,280,N/A,N/A,"['Sights & Landmarks', 'Points of Interest & Landmarks']",528,664,214,52,28
Tate Modern,"8A Weir Road, London SW12 0NA England",4.0,0,22,N/A,"Visit us at the Home of English Gin in Balham, South West London to explore the stories and processes behind our full range of True English Gins. Meet the team, see the stills, nose the botanicals and taste the gins in a welcoming and friendly...","['Food & Drink', 'Distilleries']",295,5,0,0,0
The London Film Museum - Covent Garden,N/A,4.5,£16.00,260,N/A,N/A,"['Sights & Landmarks', 'Observation Decks & Towers', 'Points of Interest & Landmarks']",2168,1070,387,131,146
National Maritime Museum,"London Wetland Centre Queen Elizabeth Walk Barnes, London SW13 9WT England",4.0,0,166,N/A,"Nestled in a loop of the Thames, London Wetland Centre is an urban oasis for wildlife and people; a rural idyll in the heart of the capital. Voted the UK’s Favourite Nature Reserve by readers of Country file magazine, it is perfect for a relaxing...","['Nature & Parks', 'Nature & Wildlife Areas']",380,163,53,15,8
Piccadilly Circus,N/A,4.0,0,92,N/A,N/A,"['Museums', 'Art Museums', 'History Museums']",152,91,17,1,1
Kyoto Garden,"186 Portobello Road, London W11 1LA England",4.5,0,24,N/A,The Ginstitute provides a unique and unrivalled opportunity to better understand the true spirit of London. Patrons begin their spirituous journey in the UK's second smallest museum - The Ginstitute. Our Gin Instructor will take you through the long...,"['Food & Drink', 'Distilleries']",538,46,5,3,4
Her Majesty's Theatre London,N/A,4.5,£94.00,216,N/A,N/A,"['Concerts & Shows', 'Theatres']",473,154,65,40,28
Science Museum,"25 Brook Street Mayfair, London W1K 4HB England",4.0,0,108,2,"In a single street in London, separated by a wall, are the homes of two of history's most significant musical artists. 25 Brook Street is the house that belonged to George Frideric Handel and the place where he composed some of the world's most...","['Museums', 'Speciality Museums']",251,148,58,14,17
Tottenham Experience,"49 Aldwych, London WC2B 4DF England",5.0,0,283,N/A,There can be no other theatre in the world which has two such distinct and diverse claims to fame as the Aldwych.During the period from 1925 until 1933 the theatre housed a series of farces by Ben Travers which have gone down in history as 'The...,"['Concerts & Shows', 'Theatres']",886,278,78,40,67
Westminster,"The Strand, London WC2R 1LA England",4.5,0,175,N/A,"Somerset House is a spectacular neo-classical building in the heart of London, sitting between the Strand and the River Thames. During summer months 55 fountains dance in the courtyard, and in winter you can skate on London's favourite ice rink...","['Sights & Landmarks', 'Museums', 'Architectural Buildings', 'Historic Sites', 'Art Museums', 'More']",525,353,78,21,12
Oxford Street,"St. Mary Overies Dock Cathedral Street Cathedral St., London SE1 9DE England",4.0,0,202,N/A,Visit this living-history museum and find out what it was like to sail the mighty seas aboard an Elizabethan galleon during the adventurous days of the 16th cent,"['Sights & Landmarks', 'Museums', 'Points of Interest & Landmarks', 'Speciality Museums', 'Ships', 'More']",305,161,69,18,8
Sir John Soane's Museum,N/A,4.5,0,273,N/A,N/A,"['Sights & Landmarks', 'Transportation', 'Mass Transportation Systems', 'Points of Interest & Landmarks', 'More']",862,948,297,42,33
Harrods,N/A,4.0,0,113,N/A,N/A,"['Sights & Landmarks', 'Arenas & Stadiums']",125,57,14,2,2
Royal Observatory Greenwich,N/A,4.0,£16.00,195,N/A,N/A,['Nature & Parks'],585,529,171,10,4
Brick Lane Market,"Regent's park, London W2 1TH England",4.5,0,332,N/A,"Picturesque London neighborhood marked by its canal waterway and broad tree-lined streets, Little Venice was built between 1810 and 1870 and was the popular haunt of many artists, writers and scienti","['Sights & Landmarks', 'Other', 'Historic Sites', 'Neighbourhoods', 'More']",367,402,165,53,18
Clink Prison Museum,N/A,4.0,£8.00,136,N/A,N/A,"['Shopping', 'Flea & Street Markets']",178,101,17,5,1
Leicester Square,"20 Maresfield Gardens, London NW3 5SX England",4.0,0,137,N/A,"Discover the story of psychoanalysis, see Freud's study, extraordinary collection and iconic couch. This beautiful house in leafy Hampstead was the home of Sigmund Freud and his family when they fled from Nazi rule in Austria in 1938. It remained...","['Museums', 'Art Museums', 'History Museums', 'Speciality Museums', 'More']",199,99,29,7,6
Maltby Street Market,"Apsley House 149 Piccadilly Hyde Park Corner, London W1J 7NT England",4.5,0,147,N/A,"Apsley House is internationally famous as the home of the 1st Duke of Wellington and his descendants. As such it is also a memorial to Britain’s triumph over the Napoleonic threat. It is also significant as a restored historic house, a celebration...","['Sights & Landmarks', 'Museums', 'History Museums', 'Historic Sites', 'More']",413,255,56,8,7
Millennium Bridge,London England,4.0,0,134,N/A,The Western London district of Mayfair is an elegant residential and commercial section of Westmins,"['Sights & Landmarks', 'Other', 'Neighbourhoods']",161,75,25,4,3
Freemasons' Hall,"The Charterhouse Charterhouse Square, London EC1M 6AN England",4.5,0,40,2,"The Charterhouse has been living the nation’s history since 1348. Founded as a medieval monastery of the Carthusian order, the site became a Tudor mansion, a boys’ school, and an almshouse, which it remains to this day. We provide accommodation for...","['Museums', 'History Museums']",207,46,5,0,0
Greenwich Market,N/A,4.5,0,153,N/A,N/A,"['Nature & Parks', 'Bodies of Water']",309,209,38,10,5
South Bank,N/A,4.5,0,214,N/A,N/A,['Nature & Parks'],181,141,33,4,6
Columbia Road Flower Market,"1 Bartholomew Lane, London EC2N 8AH England",4.5,0,201,2,"This fascinating Museum, located within the impressive walls of the Bank of England, tells the history of the Bank from its foundation in 1694 to the present day. Its unique collections of coins, banknotes and artefacts are supplemented by...","['Museums', 'Speciality Museums']",385,315,83,11,6
London Palladium,N/A,4.0,0,197,N/A,N/A,"['Sights & Landmarks', 'Architectural Buildings', 'Points of Interest & Landmarks']",210,164,45,5,2
Leake Street Arches,"Kensington Gardens Kensington Gardens, London W8 4PX England",4.5,0,370,3,"Explore the birthplace of Queen Victoria and home to young royals for over 300 years. Walk in the footsteps of royalty in Victoria’s re-imagined childhood rooms, the magnificent King’s State Apartments and the famous Sunken Garden. View an exquisite...","['Sights & Landmarks', 'Nature & Parks', 'Historic Sites', 'Gardens', 'Castles', 'More']",1736,1715,1087,502,373
Prince Edward Theatre,"Silk Street Barbican Centre, London EC2Y 8DS England",4.5,£42.50,271,N/A,"The Barbican Centre is the largest multi-arts centre in Europe, featuring art, film, music, theatre, dance and education all under one roof and under one creative direction. There's a great choice of eating and drinking at the Barbican, with...","['Concerts & Shows', 'Museums', 'Art Museums', 'Theatres', 'More']",735,494,184,66,42
Canary Wharf,"The Kia Oval Kennington Oval Kennington Oval, London SE11 5SS England",4.5,0,171,3,"International Cricket Venue and home of Surrey County Cricket Club, the Kia Oval is also a world class conference and events cen","['Sights & Landmarks', 'Arenas & Stadiums']",184,126,31,8,7
Royal Academy of Arts,"Old Brompton Road, London England",4.5,0,150,N/A,Fashionable district that is close to many of London's finest museums and antique sh,"['Sights & Landmarks', 'Other', 'Neighbourhoods']",183,155,14,4,0
The Queen's Gallery,"Strand, London WC2A 2LL England",4.0,£13.50,132,2,"The Royal Courts of Justice are an attraction well worth a visit. Close enough to Parliament, the Temple and The City. With stunning Victorian architecture, a small costume exhibition. The courts were designed by George Edmund Street and took more...","['Sights & Landmarks', 'Points of Interest & Landmarks', 'Government Buildings', 'Historic Sites', 'Architectural Buildings', 'More']",169,122,15,0,1
Westfield London,"22 - 24 Bride Lane, London EC4Y 8DT England",4.5,0,39,3,The City of London Distillery is a unique combination of a working gin distillery and a speakeasy style cocktail bar - called the COLD bar. We're open from 12:00 mid-day until 11 pm (Mon-Fri) and from 4 to 11 pm (Sat) and welcome visitors to take a...,"['Food & Drink', 'Distilleries']",360,57,5,12,2
Horse Guards Parade at Whitehall,"Gassiott House 2 Lambeth Palace Road Gassiott House, St. Thomas' Hospital, London SE1 7EW England",4.5,0,241,2,"The Florence Nightingale Museum celebrates the life and work of one of the best known figures in nursing history and one of Britain's great Victorians who truly changed the world. Located within St Thomas’ Hospital, the museum was opened in 1989 and...","['Museums', 'Speciality Museums']",209,231,106,23,5
Abbey Road,"Royal Hospital Road, London SW3 4SR England",4.0,0,65,2,"The Royal Hospital Chelsea was founded in 1682 by King Charles II as the home of the Chelsea Pensioners. As well as being a wonderful home for retired service personnel, it is also one of London's best kept secrets! While the site is generally open...","['Museums', 'Sights & Landmarks', 'Points of Interest & Landmarks', 'History Museums', 'More']",189,71,4,0,0
Gods Own Junkyard,"443 North Woolwich Road, London E16 2DA England",4.5,0,23,N/A,"Theatre and dining venue based in London's Docklands, offering a modern take on traditional music hall-style entertainment. Groups and parties welcome. Attracts a younger crowd in the evenings; lunches and ""pensioner matinees"" available all year...","['Concerts & Shows', 'Theatres']",1104,52,15,4,2
BODY WORLDS London,"Church Road, Wimbledon All England Lawn Tennis & Croquet Club, London SW19 5AE England",4.5,0,54,N/A,"Wimbledon is one of the most famous and oldest tennis tournaments in the world, and has been held at the All England Club in Wimbledon, London since 1877. The tournament lasts for two weeks from Late June to early July. The events consist of ladies...","['Events', 'Sporting Events']",137,31,5,1,3
London Transport Museum,N/A,4.0,£16.50,51,N/A,N/A,"['Nature & Parks', 'Gardens']",86,25,4,1,0
Wellcome Collection,"Marylebone Road, London NW1 5LR England",4.5,0,98,N/A,"STARDOM awaits you! Step into the spotlight as you accept your exclusive invitation to Madame Tussauds London, the home of famous fun in the capital. Join your favourite celebs at the ULTIMATE A-list party, strut your stuff on the catwalk with Cara...","['Museums', 'Speciality Museums']",12143,9707,5332,2075,1761
Regent Street,"Catherine Street Covent Garden, London WC2B 5JF England",4.5,0,91,N/A,"Since 1663 the Theatre Royal Drury Lane has provided entertainment for the masses and has been visited by every monarch since the Restoration.The theatre has not one, but two, royal boxes and it was here that the public first heard both the National...","['Concerts & Shows', 'Theatres']",689,266,76,27,19
Grant Museum of Zoology,"Royal Hospital Road, London SW3 4SR England",4.5,0,258,N/A,"Love gardening? Fanatical about flowers? Then the RHS Chelsea Flower Show should definitely be top of your London list! Held in the gorgeous grounds of the prestigious Royal Hospital Chelsea each May, Britain’s largest flower show has been running...","['Events', 'Cultural Events']",246,107,56,21,16
London Mithraeum,"Inner Circle Regent's Park, London England",4.5,0,61,N/A,"Lovely formal rose gardens located within Regent's Park, which feature visual delights such as a rock garden, statues, fountains and waterfa","['Nature & Parks', 'Gardens']",126,35,7,1,1
Southwark Cathedral,N/A,4.5,0,211,N/A,N/A,"['Concerts & Shows', 'Theatres']",710,273,82,30,48
Mercato Metropolitano,N/A,4.5,0,125,N/A,N/A,"['Shopping', 'Museums', 'Art Museums', 'Art Galleries', 'More']",242,145,26,3,1
Banqueting House,London England,4.5,£7.50,52,N/A,"This charming town lies northwest of London and features many popular attractions including the Sigmund Freud Museum, Fenton House and John Keats' Ho","['Sights & Landmarks', 'Other', 'Historic Sites', 'Neighbourhoods', 'More']",110,40,2,1,0
Paddington Station,"Open Air Theatre Inner Circle Regents Park Regent's Park, London NW1 4NU England",4.0,0,111,N/A,"The award-winning Regent’s Park Open Air Theatre is a London landmark – a firm fixture of summer in the city, providing a cultural hub in the beautiful surroundings of a Royal Park. The wonderfully unpredictable nature of outdoor theatre makes each...","['Concerts & Shows', 'Theatres']",553,129,21,10,29
Hayman's Distillery,N/A,5.0,0,180,N/A,N/A,"['Concerts & Shows', 'Theatres']",727,251,73,31,37
ArcelorMittal Orbit,"next to her Kensington Palace home, London W2 3XA England",4.5,£11.50,130,3,"This seven-mile walkway in memory of Diana, Princess of Wales, winds its way through four of London's Royal parks, linking the palaces and mansions associated with her l","['Fun & Games', 'Nature & Parks', 'Playgrounds']",541,200,61,25,16
WWT London Wetland Centre,"3 Potters Field Park Potters Field, London SE1 2SG England",4.5,0,119,3,The Bridge is the first wholly new theatre of scale to be added to London’s commercial theatre sccene in 80 years. Now o,"['Concerts & Shows', 'Theatres']",184,67,19,9,7
Petrie Museum of Egyptian Archaeology,"100 London Road Forest Hill, London SE23 3PQ England",4.5,0,181,N/A,"The Horniman Museum and Gardens is an inspiring, surprising, family-friendly, free attraction in South London’s Forest Hill.The Museum has been open since Victorian times, when Frederick John Horniman first opened his house and extraordinary...","['Museums', 'Natural History Museums', 'Art Museums']",338,248,70,21,5
The Ginstitute,N/A,5.0,0,117,N/A,N/A,"['Sights & Landmarks', 'Points of Interest & Landmarks']",176,71,9,6,3
Victoria Palace Theatre,"Gracechurch Street, London EC3V 1LR England",4.5,0,334,N/A,"Leadenhall is a thriving Victorian covered retail centre with a wide range of goods on sale. Its cobbled walkways and glass roof make it an attractive place to shop, eat and drink or simply to relax. Famous visitors include John Wayne, Clint...","['Shopping', 'Flea & Street Markets']",256,338,112,16,5
Handel & Hendrix in London,N/A,4.0,£10.00,99,N/A,N/A,"['Concerts & Shows', 'Theatres']",467,149,28,16,21
Aldwych Theatre,"Chalk Farm Road, London NW1 8EH England",4.5,£80.00,186,3,"From modest Victorian beginnings – beginning life in 1846 as a steam-engine repair shed – to legendary cultural venue, the Roundhouse has an enviable heritage. The Grade II* listed building is a space dedicated to nurturing creative young talent, as...","['Concerts & Shows', 'Theatres']",277,128,29,10,18
Somerset House,"Kenwood House Hampstead Lane, London NW3 7JR England",4.5,0,170,N/A,"Set on the edge of Hampstead Heath and surrounded by tranquil landscaped gardens, Kenwood is one of London's hidden gems. The House, its breathtaking interiors and stunning art collection are free for everyone to enjoy. Discover the vast array of...","['Sights & Landmarks', 'Museums', 'Art Museums', 'Historic Sites', 'More']",510,233,43,16,22
Golden Hinde,"Regents Park Outer Circle, London NW1 4RY England",4.5,0,434,N/A,"ZSL London Zoo is packed full of wonder and amazement, with over 650 species of animals to meet and thousands more surprising and fascinating facts just waiting to be discovered. Find yourself face-to-face with our Asiatic lions and our friendly...","['Zoos & Aquariums', 'Nature & Parks', 'Outdoor Activities']",2416,2173,1305,634,435
King's Cross Station,N/A,4.0,0,269,N/A,N/A,"['Nature & Parks', 'Gardens']",68,10,3,1,0
Stamford Bridge,N/A,4.5,0,374,N/A,N/A,"['Sights & Landmarks', 'Other', 'Historic Walking Areas', 'Neighbourhoods', 'More']",668,1012,590,95,29
Green Park,"County Hall Westminster Bridge Road County Hall, London SE1 7PB England",4.5,0,472,3,"Dive in to an underwater world here at SEA LIFE London Aquarium, home to over 5,000 creatures. Explore London's flagship aquarium where you could learn something a-RAY-zing, spot a feeding frenzy or two and even meet some of our FIN-tastic frie","['Nature & Parks', 'Zoos & Aquariums']",1819,2110,1638,733,552
Little Venice,"31 Coventry Street Westminster, London W1D 6AS England",4.0,0,47,N/A,"Prince of Wales Theatre will run the mesmerizing London musical, Book of Mormon or Let It Be London musical tickets, which has already set the Broadway box office register ring","['Concerts & Shows', 'Theatres']",331,124,20,8,6
Broadway Market,N/A,4.5,0,230,N/A,N/A,"['Sights & Landmarks', 'Architectural Buildings']",357,166,82,27,22
Freud Museum,"South Bank, Waterloo, London SE1 9PX England",4.5,0,154,N/A,"This is a theatre that everyone can enjoy, from the classics and spectacular musicals to new plays and special events for the entire fam","['Concerts & Shows', 'Theatres']",785,203,62,26,20
Apsley House,"Horse Guards Whitehall, London SW1A 2AX England",4.5,0,183,N/A,"Situated at Horse Guards, Whitehall between Trafalgar Square and Westminster Abbey the Museum lies at the heart of historic London in magnificent mid 18th century vaulted stables. Dazzling displays of uniforms, weaponry and other prized exhibits...","['Museums', 'Speciality Museums']",208,178,55,8,4
Mayfair,N/A,4.5,0,298,N/A,N/A,"['Sights & Landmarks', 'Points of Interest & Landmarks']",154,245,81,9,2
The Charterhouse,London England,5.0,0,243,N/A,Major London thoroughfare known for its many shops offering luxurious apparel and fine consumer go,"['Sights & Landmarks', 'Points of Interest & Landmarks']",263,261,64,6,6
Regent's Canal,"Craven Cottage Stevenage Road Fulham, London SW6 6HH England",4.5,0,82,N/A,"Don't just watch Fulham's 2016/17 campaign, experience it from the comfort of one of our Match-day Hospitality packages. With 23 league fixtures to be played at Craven Cottage, don't miss out on enjoying the best views of the game, first-class...","['Sights & Landmarks', 'Fun & Games', 'Arenas & Stadiums', 'Sports Complexes', 'More']",264,92,18,3,6
Crystal Palace Park,"King's Road Duke of York's HQ, London SW3 4RY England",4.5,0,268,3,Contemporary art from unknown designers and artists from all over the w,"['Museums', 'Art Museums']",1017,506,151,53,56
Bank of England Museum,N/A,4.5,0,90,N/A,N/A,"['Sights & Landmarks', 'Scenic Walking Areas']",110,64,5,2,0
30 St Mary Axe (The Gherkin),N/A,4.5,0,199,N/A,N/A,"['Concerts & Shows', 'Theatres']",398,210,86,29,32
Kensington Palace,N/A,3.5,0,349,N/A,N/A,"['Other', 'Sights & Landmarks', 'Neighbourhoods', 'Points of Interest & Landmarks', 'More']",157,39,18,4,12
Barbican Centre,"20 Montford Place Kennington, London SE11 5DE England",4.0,0,242,2,"Beefeater London: The Home of Gin, the capital's first dedicated gin distillery , lifts the lid on the extraordinary stories and events behind one of the world's favourite spirits. Beefeater Gin, is the only historic dry gin still distilled in the...","['Food & Drink', 'Distilleries']",171,94,50,9,7
The Kia Oval,"Parliament Sqaure Elizabeth Tower - Houses of Parliament, Westminster, London SW1A 0AA England",4.5,£15.00,70,N/A,"This place is temporarily closed. Elizabeth Tower is the name of the famous clock tower which stands at the Houses of Parliament. The name Big Ben is often used to describe the tower, the clock and the bell but the name was first given to the Great...","['Sights & Landmarks', 'Points of Interest & Landmarks']",19663,7713,2818,841,756
South Kensington,"14 Gallery Road Dulwich Village, London SE21 7AD England",4.5,0,163,N/A,Dulwich Picture Gallery is the world’s first purpose-built public art gallery: it was founded in 1811 when Sir Francis Bourgeois RA bequeathed his collection of old masters “for the inspection of the public”. Today the Gallery is a vibrant cultural...,"['Museums', 'Shopping', 'Art Galleries', 'Art Museums', 'More']",262,150,33,11,4
Royal Courts of Justice,N/A,4.5,0,225,N/A,N/A,"['Concerts & Shows', 'Theatres']",782,347,115,37,42
City of London Distillery,"St. Paul's Churchyard The City, London EC4M 8BX England",4.5,0,43,N/A,"The City Information Centre is located in London's historic heart, the Square Mile - opposite St Paul's Cathedral . The multi-lingual staff are on hand to help any visitors with their questions and queries 7 days a week. It is your one-stop shop for...","['Traveller Resources', 'Visitor Centres']",91,28,1,0,1
Florence Nightingale Museum,"34 Haymarket, London SW1Y 4HA England",4.0,0,247,N/A,Fatal Attraction - The timeless thriller comes to the stage for the first time. Fatal Attraction is the new psychological thriller play at the Theatre Royal Haymarket based on the 1987 hit movie. The play is produced and directed by Sir Trevor Nunn...,"['Concerts & Shows', 'Theatres']",430,202,59,22,59
Royal Hospital Chelsea,"Romney Road Greenwich, London SE10 9NF England",4.5,0,176,N/A,"Serving as the Royal Residence, this historic house was commissioned by Queen Anne of Denmark, the wife of James I (reigned 1603-25), and now displays the National Maritime Museum's early art collection and sponsors special eve","['Sights & Landmarks', 'Museums', 'Architectural Buildings', 'Art Museums', 'More']",186,124,43,4,2
Brick Lane Music Hall,N/A,5.0,0,482,N/A,N/A,"['Events', 'Cultural Events']",1882,1726,887,392,434
Wimbledon,London England,4.5,0,121,N/A,"London's Broadway covers everything that smacks of theater and performance is here including concerts, sporting events, musicals and stage performan","['Other', 'Sights & Landmarks', 'Neighbourhoods']",361,172,29,12,11
Garden at 120,N/A,4.5,0,145,N/A,N/A,['Nature & Parks'],158,94,14,1,4
Madame Tussauds London,N/A,4.0,£29.00,204,N/A,N/A,"['Sights & Landmarks', 'Points of Interest & Landmarks']",106,121,27,4,2
Theatre Royal Drury Lane,N/A,4.5,0,378,N/A,N/A,"['Sights & Landmarks', 'Architectural Buildings', 'Points of Interest & Landmarks']",137,258,96,21,22
RHS Chelsea Flower Show,N/A,4.0,0,205,N/A,N/A,"['Sights & Landmarks', 'Other', 'Neighbourhoods']",71,69,15,1,0
Queen Mary's Gardens,N/A,4.5,0,88,N/A,N/A,"['Concerts & Shows', 'Theatres']",431,153,32,15,12
London Coliseum,N/A,4.5,0,511,N/A,N/A,"['Museums', 'Speciality Museums']",902,1032,742,288,231
Guildhall Art Gallery,"Olympic Stadium O Olympic Stadium Stratford Station, London E20 2ST England",4.5,0,317,N/A,"A new heart for east London, Queen Elizabeth Olympic Park is the city's newest park. It will be a new home to thousands and a new destination for millions. The Park is now open for the public to visit and is already coming alive as visitors explore...","['Sights & Landmarks', 'Nature & Parks', 'Points of Interest & Landmarks']",522,402,156,73,44
Hampstead,"1 Graces Alley, London E1 8JB England",4.5,0,95,2,"Wilton's is the world's oldest surviving Grand Music Hall. After years of dereliction it is now open as a full time theatre, bar and historic landmark. This stunning and atmospheric building puts on a range of ticketed events including theatre...","['Concerts & Shows', 'Theatres']",242,66,3,10,7
Regent's Park Open Air Theatre,"Seven Dials Covent Garden, London WC2 England",4.5,0,220,N/A,"Welcome to Seven Dials, the intriguing network of seven atmospheric streets that link Covent Garden to Soho. Always buzzy, packed with independent boutiques, international fashion labels, heritage brands, beauty salons, men’s grooming specialists...","['Sights & Landmarks', 'Other', 'Neighbourhoods']",104,92,23,2,0
Lyceum Theatre,"12 Holland Park Road Kensington, London W14 8LZ England",4.5,0,179,2,"*Please note that Leighton House Museum opens on Saturdays and Sundays only, from 10am to 5:30pm, due to a major restoration underway. The Museum will reopen in Spring 2021 * Leighton House Museum is the former home of the Victorian artist Frederic...","['Museums', 'Art Museums']",407,198,49,23,1
Diana Princess of Wales Memorial Playground,"12 Crooms Hill, London SE10 8ER England",4.5,0,142,N/A,"The UK's only Museum devoted to the history of fans and the craft of fan making. Nestled in the heart of historic Greenwich, The Fan Museum is home to a diverse collection of fans from around the world, dating from the 12th century to the present...","['Museums', 'Speciality Museums']",160,81,23,7,1
Bridge Theatre,N/A,4.5,0,299,N/A,N/A,"['Shopping', 'Shopping Malls']",108,198,43,2,3
Horniman Museum and Gardens,"Savoy Court Strand Strand, London WC2R 0ET England",4.5,0,219,N/A,Built by theatre impresario Richard D'Oyly Carte to showcase the work of Gilbert & Sullivan and famously the first public building in the world to be lit throughout by electricity. The Savoy Theatre is currently home to 9 to 5 - The Musi,"['Concerts & Shows', 'Theatres']",1359,403,139,67,90
Pop Brixton,London England,4.5,0,272,N/A,An attractive and quiet business and residential area of central Lon,"['Other', 'Sights & Landmarks', 'Neighbourhoods']",60,52,14,0,0
Leadenhall Market,London England,4.0,0,385,N/A,"Located between the districts of Chelsea and Belgravia, this square is synonymous with wealth and the very finest that money can ","['Other', 'Sights & Landmarks', 'Neighbourhoods']",60,64,21,3,3
Apollo Theatre,N/A,4.5,£65.00,278,N/A,N/A,"['Concerts & Shows', 'Theatres']",589,244,86,49,48
Roundhouse,"12 Stephenson Way, London NW1 2HD England",4.5,0,59,N/A,"The Magic Circle Headquarters is home to the world's premier magical society, The Magic Circle. It also houses a theatre, museum and entertainment space. We regularly hold events and open days for the public including History and Mystery at The...","['Concerts & Shows', 'Museums', 'Theatres', 'Speciality Museums', 'More']",229,33,7,2,4
Kenwood House,N/A,4.5,0,46,N/A,N/A,"['Food & Drink', 'Distilleries']",172,28,4,8,1
ZSL London Zoo,N/A,4.0,£25.20,428,N/A,N/A,"['Sights & Landmarks', 'Points of Interest & Landmarks']",268,266,213,83,43
Hill Garden & Pergola,"Peninsula Square, London SE10 0DX England",5.0,0,487,3,"The O2 is home to the world’s most popular music, sport, comedy and entertainment. Experience shopping at ICON Outlet; climb Up at The O2; enjoy cinema, trampolining and bowling and choose from over 30 bars and restaurants plus Mamma Mia! The Party...","['Sights & Landmarks', 'Arenas & Stadiums']",1879,1520,692,377,461
Chinatown,N/A,4.0,0,250,N/A,N/A,"['Shopping', 'Flea & Street Markets']",131,138,40,3,2
SEA LIFE London Aquarium,"Westminster Bridge Road Riverside Building, County Hall, London SE1 7PB England",3.5,£20.38,521,2,"Welcome to DreamWorks Tours: Shrek’s Adventure! London. A brilliantly bonkers interactive and immersive walkthrough experience, where the whole family can step into and star in your own hilarious misadventure with Shrek and his DreamWorks friends...","['Water & Amusement Parks', 'Theme Parks']",1179,1056,680,308,344
Prince of Wales Theatre,N/A,4.5,0,208,N/A,N/A,"['Sights & Landmarks', 'Points of Interest & Landmarks']",123,64,34,4,1
The Shard,N/A,4.0,0,168,N/A,N/A,"['Concerts & Shows', 'Theatres']",192,117,37,13,5
National Theatre,N/A,4.5,0,73,N/A,N/A,"['Museums', 'Speciality Museums']",147,53,6,2,0
The Household Cavalry Museum,"Exhibition Centre Warwick Road, London SW5 9TA England",4.5,£8.00,356,N/A,"Young and international area in London that offers a wide selection of restaurants, shops and p","['Sights & Landmarks', 'Other', 'Neighbourhoods']",77,85,38,7,4
Greenwich Foot Tunnel,"Coldharbour Lane Junction, London SW9 8PS England",4.0,0,191,2,"Brixton Village houses over 100 independent traders whose restaurants, boutiques, fruit and veg, meat, fish and massses of international food shops. This has created one of the most exciting places to visit in Lon","['Shopping', 'Flea & Street Markets']",118,76,8,4,2
Bond Street,"40 Brunswick Square, London WC1N 1AZ England",4.5,0,223,2,"The Foundling Museum explores the history of the Foundling Hospital, the UK’s first children’s charity and first public art gallery. Established in 1739 by philanthropist Thomas Coram, and continuing today as the children’s charity Coram, the...","['Museums', 'History Museums', 'Art Museums']",242,176,51,18,4
Craven Cottage,N/A,4.5,0,133,N/A,N/A,"['Concerts & Shows', 'Theatres']",568,167,35,25,25
Saatchi Gallery,N/A,4.5,0,124,N/A,N/A,"['Sights & Landmarks', 'Historic Sites', 'Architectural Buildings']",88,58,7,0,0
The Queen's Walk,N/A,4.5,0,152,N/A,N/A,"['Other', 'Sights & Landmarks', 'Neighbourhoods']",69,57,3,0,0
Piccadilly Theatre,"1 New Change, London EC4M 9AF England",4.0,£108.00,218,2,"One New Change is London’s newest shopping destination, complete with cafés and restaurants from renowned chefs and flagship menswear and womenswear fashion brands, all set overlooking London’s most famous landmark, St. Paul’s Cathedral. The...","['Shopping', 'Shopping Malls']",142,120,30,2,5
Hatton Garden,N/A,4.5,0,182,N/A,N/A,"['Sights & Landmarks', 'Nature & Parks', 'Gardens', 'Points of Interest & Landmarks', 'More']",82,69,13,0,0
Beefeater Gin Distillery,"2 Charing Cross Road, London WC2H 0HH England",4.0,0,194,N/A,"Rock of ages is created by Elliot Davis and James Bourne. Running at the Garrick Theatre, this show stars Aaron Sidwell as Michael, Eliza Hope Bennett as Holly, Stewart Clarke as Eddie, Charlotte Harwood as Leia, Richard Lowe as Lucas, Lil Chris as...","['Concerts & Shows', 'Theatres']",429,210,72,40,22
Big Ben,"Russell Square, London WC1B 5EH England",4.5,0,324,N/A,"Square located in Bloomsbury central London, with easy access to nearby attractions like the British Museum, Covent Garden and Oxford Street for shopp","['Sights & Landmarks', 'Points of Interest & Landmarks']",191,314,88,9,10
Dulwich Picture Gallery,N/A,4.5,0,331,N/A,N/A,"['Concerts & Shows', 'Theatres']",376,194,59,32,109
Apollo Victoria Theatre,N/A,4.5,0,105,N/A,N/A,"['Sights & Landmarks', 'Churches & Cathedrals', 'Architectural Buildings', 'Sacred & Religious Sites', 'Historic Sites', 'More']",164,57,11,2,7
City of London Information Centre,"Terminal 5 Departures, London Heathrow Airport, London TW6 2GA England",4.5,0,348,3,"In an ideal location overlooking the runway, Plaza Premium Lounge Terminal 5 Departures is the perfect setting for both business and leisure passengers. The luxurious space is open to all travellers and features an abundance of comfortable seating...","['Traveller Resources', 'Airport Lounges']",177,61,29,30,25
Haymarket Theatre Royal,N/A,4.0,£90.00,139,N/A,N/A,"['Concerts & Shows', 'Theatres']",529,145,41,12,32
Queen's House,N/A,4.5,0,351,N/A,N/A,['Nature & Parks'],79,30,3,1,3
Winter Wonderland,"Byward Street, London EC3R 5BJ England",4.0,0,109,N/A,"All Hallows By The Tower church (sometimes known historically as 'All Hallows Barking') was founded in 675 AD and, throughout London's history, has played a key part in almost every important event. A Roman pavement, Saxon stonework, Mediaeval...","['Museums', 'Sights & Landmarks', 'Speciality Museums', 'Churches & Cathedrals', 'More']",176,87,13,4,0
West End Theatre District,N/A,4.5,0,226,N/A,N/A,"['Concerts & Shows', 'Theatres']",141,72,22,11,11
Victoria Park,N/A,4.5,0,235,N/A,N/A,"['Sights & Landmarks', 'Historic Walking Areas', 'Points of Interest & Landmarks']",193,199,59,0,0
Whitehall,"Baker Street, London W1U England",4.5,0,375,N/A,"Baker Street is considered the center of England's punk movement, and whose name conjures images of Victorian England and the stories of Sherlock Hol","['Sights & Landmarks', 'Points of Interest & Landmarks']",122,183,96,16,8
London Victoria Station,N/A,4.0,0,233,N/A,N/A,"['Sights & Landmarks', 'Points of Interest & Landmarks']",229,237,68,2,1
Kensington,"Hyde Park Green Park, London W2 2UH England",4.5,0,53,N/A,"The RAF Benevolent Fund is proud and privileged to be the custodian of the new Bomber Command Memorial in central London. The memorial has been built to be modern, yet classical, in Portland stone. At its heart are the bronze sculptures of a Bomber...","['Sights & Landmarks', 'Monuments & Statues']",2094,513,121,12,14
Gielgud Theatre,N/A,4.5,0,293,N/A,N/A,"['Concerts & Shows', 'Theatres']",203,136,45,22,36
Sherlock Holmes Museum,"Cranbourn Street Leicester Square, London WC2H 7JH England",3.5,0,303,N/A,"The UK's largest and most popular casino. No membership, walk in freely, open 24/7, 6 bars, Pokerstars cash poker deck, award-winning Heliot Steak House, cabaret theatre, 2 smoking terraces & 3 floors of gambling. Great fun for gamblers and people...","['Casinos & Gambling', 'Fun & Games', 'Concerts & Shows', 'Cabarets', 'Theatres', 'More']",717,280,98,33,96
Queen Elizabeth Olympic Park,N/A,4.0,£11.50,203,N/A,N/A,"['Concerts & Shows', 'Theatres']",553,182,47,22,49
Wilton's Music Hall,N/A,4.5,0,352,N/A,N/A,"['Food & Drink', 'Shopping', 'Farmers Markets']",68,41,7,4,2
Seven Dials,"Olympic Stadium Loop Road Queen Elizabeth Olympic Park, Stratford, London E20 2ST England",4.5,0,403,N/A,"London Stadium (ex Olympic Stadium) is a superb multi-use venue to bring fans closer to music, sport and entertainment in a World Class environment. On non-event days, it offer Stadium Tours and hospitality for conferencing and eve","['Sights & Landmarks', 'Arenas & Stadiums']",982,397,165,98,77
Leighton House Museum,"Trafalgar Square, London England",4.5,0,274,N/A,"Ranked as one of London's greatest landmarks, this 185-foot high monument (circa 1843) looks down on the busy streets, fountains and swirling traffic of Trafalgar Squ","['Sights & Landmarks', 'Monuments & Statues', 'Points of Interest & Landmarks']",305,363,173,16,0
The Fan Museum,N/A,4.5,0,267,N/A,N/A,"['Museums', 'Observatories & Planetariums']",173,122,45,8,15
Hay's Galleria,"The Cut, SE1, London England",4.0,0,131,N/A,Victorian theater with a storied cast of famous performers including Laurence Olivier and Richard Bur,"['Concerts & Shows', 'Theatres']",474,176,37,22,20
Savoy Theatre,"11A Charing Cross Road, London WC2H 0EP England",4.5,0,527,N/A,"Used by more than 3 million visitors, The London Pass® is a complete sightseer credits package giving you access to over 80 of London's top attractions, museums and guided tours, saving you both time and money. Valid for 1-year from purchase date...",['Other'],416,271,170,146,151
Pimlico,N/A,4.5,0,319,N/A,N/A,"['Sights & Landmarks', 'Government Buildings']",84,37,12,4,2
Sloane Square,N/A,4.0,0,122,N/A,N/A,"['Sights & Landmarks', 'Architectural Buildings', 'Government Buildings']",163,82,21,3,2
Palace Theatre,"Rosebery Avenue, London EC1R 4TN England",4.5,0,62,N/A,London's Dance H,"['Concerts & Shows', 'Theatres']",359,117,29,7,5
The Magic Circle,N/A,4.5,0,196,N/A,N/A,"['Sights & Landmarks', 'Museums', 'Speciality Museums', 'Historic Sites', 'More']",91,63,13,3,1
Sipsmith Distillery,"Belvedere Road, London SE1 7PB England",4.5,0,221,N/A,"Situated in London’s stunning South Bank, the luxury 5-star Marriott County Hall Club & Spa is located on the top floors of this historic landmark building. The balcony areas offer breath-taking river views of Big Ben, The Houses of Parliament, and...","['Concerts & Shows', 'Sights & Landmarks', 'Architectural Buildings', 'Theatres', 'More']",88,43,14,4,2
Platform 9 3/4,London SW1H 0TL England,3.5,0,161,N/A,"One of the largest bus networks in the world, with around 8,500 vehicles in the fleet, 50 bus stations and 19,500 bus st","['Transportation', 'Mass Transportation Systems']",238,119,26,15,10
The O2,N/A,4.0,0,339,N/A,N/A,"['Sights & Landmarks', 'Fountains', 'Points of Interest & Landmarks']",303,253,128,51,19
Burlington Arcade,N/A,4.5,0,416,N/A,N/A,"['Museums', 'Speciality Museums']",284,277,166,108,72
DreamWork's Tours: Shrek's Adventure! London,N/A,3.5,£21.00,222,N/A,N/A,"['Sights & Landmarks', 'Monuments & Statues']",203,190,62,3,0
Tardis Police Box,"18 Folgate Street Liverpool Street Tube, London E1 6BX England",4.5,0,289,N/A,Dennis Severs' House offers a glimpse into 18th-century (Georgian-era) life in Engl,"['Museums', 'Speciality Museums']",381,191,84,40,30
St. Martins Theatre,"19 Great Eastern Street, London EC2A 3EJ England",4.5,0,229,N/A,"Dinerama is BACK and if you haven't made it down yet here's what you're missing - Six street diners, six bars, five street food shacks, two trucks, one DJ and a MILLION twinkling LEDs. Open for the rest of the summer four days a week every...","['Shopping', 'Flea & Street Markets']",223,148,22,13,10
Two Temple Place,"27 St. James's Place, London SW1A 1NR England",4.5,0,160,N/A,"Restored to the full splendor of its late eighteenth-century appearance, this manor house was once the residence of the Spencer family, whose famous member was Diana, Princess of Wa","['Sights & Landmarks', 'Architectural Buildings', 'Historic Sites']",107,26,10,2,1
Earl's Court,"49 City Road, London EC1Y 1AU England",4.0,0,135,N/A,The Museum of Methodism tells the history of Methodism from John Wesley to the present day and its contribution to shaping Britain's political and social history. John Wesley's House stands next to the Chapel. His home for over a decade it is one of...,"['Museums', 'Sights & Landmarks', 'Churches & Cathedrals', 'Speciality Museums', 'More']",90,34,5,1,0
Brixton Village,N/A,4.5,0,391,N/A,N/A,"['Sights & Landmarks', 'Points of Interest & Landmarks']",76,33,18,4,4
The Foundling Museum,N/A,4.5,0,177,N/A,N/A,"['Sights & Landmarks', 'Monuments & Statues']",115,74,31,2,1
Noel Coward Theatre,"12 Cable Street, London E1 8JG England",4.5,£59.72,364,2,"The museum at 12 Cable Street is a museum dedicated to the history of the East London in the 1880's, providing a serious examination of the crimes of Jack the Ripper within the social context of the period. For the first time it tells the story of...","['Museums', 'History Museums', 'Speciality Museums']",368,202,92,53,58
Guildhall,N/A,4.5,0,466,N/A,N/A,"['Sights & Landmarks', 'Sacred & Religious Sites', 'Points of Interest & Landmarks']",37,15,1,2,1
Southwark,"210 Shaftesbury Avenue, London WC2H 8DP England",4.5,0,282,N/A,Shaftesbury Theatre at the top of Shaftesbury Ave,"['Concerts & Shows', 'Theatres']",534,255,110,48,39
One New Change,N/A,4.5,0,93,N/A,N/A,"['Sights & Landmarks', 'Historic Sites']",191,116,12,0,0
Crossrail Place Roof Garden,"1 Apsley Way Piccadilly, Hyde Park Corner Roundabout, London W2 2UH England",4.5,0,304,N/A,"Set in the heart of royal London, Wellington Arch was built as an original entrance to Buckingham Palace, later becoming a victory arch proclaiming Wellington's defeat of Napoleon. Crowned by the largest bronze sculpture in Europe, it depicts the...","['Sights & Landmarks', 'Monuments & Statues']",203,354,135,19,2
Garrick Theatre,N/A,4.5,0,345,N/A,N/A,"['Shopping', 'Shopping Malls']",767,657,211,71,110
Russell Square,"Alexandra Palace Wood Green, London N22 7AY England",4.0,0,336,N/A,"Surrounded by 196 acres of lavish parkland and offering stunning views of London's skyline, this Victorian-style palace offers multi-purpose halls and rooms for a variety of events such as banquets, dinners, concerts and exhibiti","['Nature & Parks', 'Sights & Landmarks', 'Architectural Buildings', 'Gardens', 'Points of Interest & Landmarks', 'More']",341,296,82,42,47
Royal Festival Hall,N/A,4.0,0,335,N/A,N/A,"['Sights & Landmarks', 'Points of Interest & Landmarks']",75,126,44,6,3
Church of St. Bartholomew the Great,London England,4.5,0,262,N/A,"Sandwiched between Kensington, Belgravia and Mayfair, this is one of the most exclusive and pricey areas in London known for up-scale shops and restaura","['Sights & Landmarks', 'Other', 'Neighbourhoods']",110,130,29,2,4
Plaza Premium Lounge T5 Departures,N/A,4.0,0,297,N/A,N/A,"['Food & Drink', 'Shopping', 'Farmers Markets', 'Flea & Street Markets', 'More']",73,28,5,2,2
Duchess Theatre,N/A,4.5,£42.50,458,N/A,N/A,"['Nature & Parks', 'Gardens']",39,5,3,1,1
Golders Hill Park,"129-131 Albert Street Camden Town, London NW1 7NB England",4.5,0,138,2,"The Jewish Museum London is for people of all backgrounds and faiths to explore British Jewish heritage, identity and culture. Set against a spacious and modern architectural backdrop with displays across four permanent galleries, the museum brings...","['Museums', 'Speciality Museums', 'Art Museums', ""Children's Museums"", 'History Museums', 'More']",182,77,24,6,5
All Hallows By The Tower,London SW9 8HE England,4.5,0,281,N/A,"This neighborhood in South Central London is a hive of cultural activity that offers a number of restaurants, accommodations and shops to suit practically every taste and st","['Sights & Landmarks', 'Other', 'Neighbourhoods']",138,115,31,10,9
Adelphi Theatre,"5 Sloane Terrace, London SW1X 9DQ England",4.0,0,174,N/A,"Set in a fantastic location in the heart of Chelsea Cadogan Hall has become one of London's leading venues. The Hall's 950 seats, excellent acoustic and luxurious surroundings makes it the first choice for some of the UK's top orchestras, including...","['Concerts & Shows', 'Theatres']",131,71,6,6,7
The Mall,"Princes Gate Kensington Gore, London W8 England",4.5,0,231,N/A,"This gigantic bejeweled shrine protects the gilt bronze sculpture of Queen Victoria's husband, Prince Albert, which was designed and executed after the Prince Consort's death in 1","['Sights & Landmarks', 'Monuments & Statues', 'Points of Interest & Landmarks']",328,318,71,9,4
Baker Street,N/A,4.0,0,212,N/A,N/A,"['Sights & Landmarks', 'Points of Interest & Landmarks']",70,84,12,1,0
Parliament Square,N/A,4.5,0,128,N/A,N/A,"['Concerts & Shows', 'Theatres']",182,74,10,7,9
Bomber Command Memorial,"12-13 New Wharf Road Kings Cross, London N1 9RT England",4.5,0,275,2,"A waterside museum of London's canals and the Victorian ice trade, set in a former ice warehouse of the 1860s. It tells the colourful story of the canals, their people, horses and trade. Peer down into a huge ice well, uniquely preserved, and learn...","['Museums', 'History Museums']",120,119,29,11,9
The Arts Theatre,"King's Cross, London N1C 4DQ England",4.0,0,265,3,"Coal Drops Yard is King's Cross' boutique shopping and foodie hotspot, where Victorian heritage and breath-taking architecture collide in an extraordinary canal side setting. With a wonderful collection of niche brands and superb restaurants and...","['Shopping', 'Shopping Malls']",51,43,7,3,0
Hippodrome Casino,N/A,4.0,0,384,N/A,N/A,"['Sights & Landmarks', 'Points of Interest & Landmarks', 'Architectural Buildings']",58,11,15,0,0
Criterion Theatre,"St John’s Gate, St John’s Lane Clerkenwell, London EC1M 4DA England",4.5,£59.50,66,N/A,"The Museum tells the unique and fascinating story of an ancient religious military Order, from its origins caring for sick pilgrims in eleventh century Jerusalem, through to its modern-day role with St John Ambulance, the international first aid...","['Museums', 'History Museums']",112,46,4,3,0
Billingsgate Market,"Pier Street Isle of Dogs, London E14 3HP England",4.5,0,285,N/A,The largest city farm in London with over 32 acres of countryside in the middle of the Isle of Dogs to share with friendly fur and feathered creatures. We pride ourselves on our wonderful collection of British rare breeds and currently have over 200...,"['Sights & Landmarks', 'Farms']",111,77,22,5,8
London Stadium,N/A,4.0,0,320,N/A,N/A,"['Nature & Parks', 'Bodies of Water']",55,74,10,2,2
Nelson's Column,N/A,4.0,0,305,N/A,N/A,"['Shopping', 'Antique Stores']",103,59,13,3,4
Peter Harrison Planetarium,N/A,4.0,0,367,N/A,N/A,"['Sights & Landmarks', 'Architectural Buildings']",56,36,12,1,0
The Old Vic,London England,4.5,0,313,N/A,"Located next to Hyde Park, this London district is full of historical interest, along with the famous antique market in Portobello Road and a wide range of shops, cinemas and restaura","['Sights & Landmarks', 'Other', 'Neighbourhoods']",96,107,28,6,5
The London Pass,N/A,3.5,0,284,N/A,N/A,"['Sights & Landmarks', 'Bridges']",63,88,25,3,0
Old Bailey,"10 Keats Grove Hampstead, London NW3 2RR England",4.5,0,315,2,"Discover the house where Romantic poet John Keats wrote his best-loved poems. This beautiful Georgian villa is where Keats found inspiration, friendship and love. Now a museum and literary centre, the house brings to life the memory and legacy of...","['Sights & Landmarks', 'Historic Sites']",71,49,18,2,0
The UK Supreme Court,N/A,4.5,0,392,N/A,N/A,"['Sights & Landmarks', 'Monuments & Statues']",35,19,5,0,0
Sadler's Wells,N/A,4.5,0,386,N/A,N/A,"['Concerts & Shows', 'Theatres']",382,286,113,41,79
Fenton House,"Cambridge Heath Road, London E2 9PA England",4.5,0,344,N/A,"Welcoming over 400,000 visitors through its doors every year, the V&A Museum of Childhood in London's Bethnal Green houses the Victoria and Albert Museum's collection of childhood-related objects and artefacts, spanning the 1600s to the present ","['Museums', ""Children's Museums""]",346,303,140,38,17
"County Hall, London",N/A,4.5,0,264,N/A,N/A,"['Sights & Landmarks', 'Other', 'Neighbourhoods']",111,71,4,5,4
London Buses,N/A,4.5,0,1,N/A,N/A,"['Transportation', 'Mass Transportation Systems']",489,322,183,209,356
